stamp,lat,lon,alt,x,y
1798000000.0,48.00353998796474,3.662010117091573,99.077,-178.0,-118.0
1798000003.75,48.00353998796474,3.662050396016996,99.072,-175.0,-118.0
1798000007.5,48.00353998796474,3.6620906749424185,99.087,-172.0,-118.0
1798000011.25,48.00353998796474,3.6621309538678415,99.034,-169.0,-118.0
1798000015.0,48.00353998796474,3.6621712327932645,99.1,-166.0,-118.0
1798000018.75,48.00353998796474,3.6622115117186875,99.076,-163.0,-118.0
1798000022.5,48.00353998796474,3.6622517906441105,99.081,-160.0,-118.0
1798000026.25,48.00353998796474,3.662292069569533,99.126,-157.0,-118.0
1798000030.0,48.00353998796474,3.662332348494956,99.083,-154.0,-118.0
1798000033.75,48.00353998796474,3.662372627420379,99.061,-151.0,-118.0
1798000037.5,48.00353998796474,3.662412906345802,99.087,-148.0,-118.0
1798000041.25,48.00353998796474,3.662453185271225,99.065,-145.0,-118.0
1798000045.0,48.00353998796474,3.662493464196648,99.044,-142.0,-118.0
1798000048.75,48.00353998796474,3.662533743122071,99.092,-139.0,-118.0
1798000052.5,48.00353998796474,3.662574022047494,99.103,-136.0,-118.0
1798000056.25,48.00353998796474,3.662614300972917,99.019,-133.0,-118.0
1798000060.0,48.00353998796474,3.66265457989834,99.074,-130.0,-118.0
1798000063.75,48.00353998796474,3.6626948588237624,99.069,-127.0,-118.0
1798000067.5,48.00353998796474,3.6627351377491855,99.052,-124.0,-118.0
1798000071.25,48.00353998796474,3.6627754166746085,98.991,-121.0,-118.0
1798000075.0,48.00353998796474,3.6628156956000315,98.999,-118.0,-118.0
1798000078.75,48.00353998796474,3.6628559745254545,98.979,-115.0,-118.0
1798000082.5,48.00353998796474,3.662896253450877,98.97,-112.0,-118.0
1798000086.25,48.00353998796474,3.6629365323763,98.888,-109.0,-118.0
1798000090.0,48.00353998796474,3.662976811301723,98.904,-106.0,-118.0
1798000093.75,48.00353998796474,3.663017090227146,98.884,-103.0,-118.0
1798000097.5,48.00353998796474,3.663057369152569,98.743,-100.0,-118.0
1798000101.25,48.00353998796474,3.6630976480779918,98.773,-97.0,-118.0
1798000105.0,48.00353998796474,3.663137927003415,98.67,-94.0,-118.0
1798000108.75,48.00353998796474,3.663178205928838,98.657,-91.0,-118.0
1798000112.5,48.00353998796474,3.663218484854261,98.583,-88.0,-118.0
1798000116.25,48.00353998796474,3.663258763779684,98.579,-85.0,-118.0
1798000120.0,48.00353998796474,3.6632990427051064,98.477,-82.0,-118.0
1798000123.75,48.00353998796474,3.6633393216305294,98.429,-79.0,-118.0
1798000127.5,48.00353998796474,3.6633796005559525,98.3,-76.0,-118.0
1798000131.25,48.00353998796474,3.6634198794813755,98.268,-73.0,-118.0
1798000135.0,48.00353998796474,3.6634601584067985,98.216,-70.0,-118.0
1798000138.75,48.00353998796474,3.663500437332221,98.069,-67.0,-118.0
1798000142.5,48.00353998796474,3.663540716257644,98.024,-64.0,-118.0
1798000146.25,48.00353998796474,3.663580995183067,97.929,-61.0,-118.0
1798000150.0,48.00353998796474,3.66362127410849,97.823,-58.0,-118.0
1798000153.75,48.00353998796474,3.663661553033913,97.695,-55.0,-118.0
1798000157.5,48.00353998796474,3.6637018319593357,97.648,-52.0,-118.0
1798000161.25,48.00353998796474,3.6637421108847588,97.538,-49.0,-118.0
1798000165.0,48.00353998796474,3.663782389810182,97.47,-46.0,-118.0
1798000168.75,48.00353998796474,3.663822668735605,97.383,-43.0,-118.0
1798000172.5,48.00353998796474,3.663862947661028,97.314,-40.0,-118.0
1798000176.25,48.00353998796474,3.6639032265864504,97.153,-37.0,-118.0
1798000180.0,48.00353998796474,3.6639435055118734,97.116,-34.0,-118.0
1798000183.75,48.00353998796474,3.6639837844372964,97.026,-31.0,-118.0
1798000187.5,48.00353998796474,3.6640240633627195,96.926,-28.0,-118.0
1798000191.25,48.00353998796474,3.6640643422881425,96.866,-25.0,-118.0
1798000195.0,48.00353998796474,3.664104621213565,96.779,-22.0,-118.0
1798000198.75,48.00353998796474,3.664144900138988,96.728,-19.0,-118.0
1798000202.5,48.00353998796474,3.664185179064411,96.659,-16.0,-118.0
1798000206.25,48.00353998796474,3.664225457989834,96.576,-13.0,-118.0
1798000210.0,48.00353998796474,3.664265736915257,96.548,-10.0,-118.0
1798000213.75,48.00353998796474,3.6643060158406797,96.524,-7.0,-118.0
1798000217.5,48.00353998796474,3.6643462947661027,96.446,-4.0,-118.0
1798000221.25,48.00353998796474,3.6643865736915258,96.435,-1.0,-118.0
1798000225.0,48.00353998796474,3.664426852616949,96.469,2.0,-118.0
1798000228.75,48.00353998796474,3.664467131542372,96.431,5.0,-118.0
1798000232.5,48.00353998796474,3.6645074104677944,96.403,8.0,-118.0
1798000236.25,48.00353998796474,3.6645476893932174,96.414,11.0,-118.0
1798000240.0,48.00353998796474,3.6645879683186404,96.491,14.0,-118.0
1798000243.75,48.00353998796474,3.6646282472440634,96.488,17.0,-118.0
1798000247.5,48.00353998796474,3.6646685261694865,96.452,20.0,-118.0
1798000251.25,48.00353998796474,3.664708805094909,96.567,23.0,-118.0
1798000255.0,48.00353998796474,3.664749084020332,96.576,26.0,-118.0
1798000258.75,48.00353998796474,3.664789362945755,96.657,29.0,-118.0
1798000262.5,48.00353998796474,3.664829641871178,96.679,32.0,-118.0
1798000266.25,48.00353998796474,3.664869920796601,96.791,35.0,-118.0
1798000270.0,48.00353998796474,3.6649101997220237,96.856,38.0,-118.0
1798000273.75,48.00353998796474,3.6649504786474467,96.928,41.0,-118.0
1798000277.5,48.00353998796474,3.6649907575728697,97.082,44.0,-118.0
1798000281.25,48.00353998796474,3.6650310364982928,97.225,47.0,-118.0
1798000285.0,48.00353998796474,3.665071315423716,97.268,50.0,-118.0
1798000288.75,48.00353998796474,3.6651115943491384,97.361,53.0,-118.0
1798000292.5,48.00353998796474,3.6651518732745614,97.425,56.0,-118.0
1798000296.25,48.00353998796474,3.6651921521999844,97.564,59.0,-118.0
1798000300.0,48.00353998796474,3.6652324311254074,97.664,62.0,-118.0
1798000303.75,48.00353998796474,3.6652727100508304,97.742,65.0,-118.0
1798000307.5,48.00353998796474,3.665312988976253,97.929,68.0,-118.0
1798000311.25,48.00353998796474,3.665353267901676,98.025,71.0,-118.0
1798000315.0,48.00353998796474,3.665393546827099,98.12,74.0,-118.0
1798000318.75,48.00353998796474,3.665433825752522,98.211,77.0,-118.0
1798000322.5,48.00353998796474,3.665474104677945,98.382,80.0,-118.0
1798000326.25,48.00353998796474,3.6655143836033677,98.52,83.0,-118.0
1798000330.0,48.00353998796474,3.6655546625287907,98.592,86.0,-118.0
1798000333.75,48.00353998796474,3.6655949414542137,98.681,89.0,-118.0
1798000337.5,48.00353998796474,3.6656352203796367,98.819,92.0,-118.0
1798000341.25,48.00353998796474,3.6656754993050598,98.873,95.0,-118.0
1798000345.0,48.00353998796474,3.6657157782304823,98.936,98.0,-118.0
1798000348.75,48.00353998796474,3.6657560571559054,99.147,101.0,-118.0
1798000352.5,48.00353998796474,3.6657963360813284,99.238,104.0,-118.0
1798000356.25,48.00353998796474,3.6658366150067514,99.267,107.0,-118.0
1798000360.0,48.00353998796474,3.6658768939321744,99.362,110.0,-118.0
1798000363.75,48.00353998796474,3.665917172857597,99.491,113.0,-118.0
1798000367.5,48.00353998796474,3.66595745178302,99.484,116.0,-118.0
1798000371.25,48.00353998796474,3.665997730708443,99.594,119.0,-118.0
1798000375.0,48.00353998796474,3.666038009633866,99.686,122.0,-118.0
1798000378.75,48.00353998796474,3.666078288559289,99.777,125.0,-118.0
1798000382.5,48.00353998796474,3.6661185674847117,99.763,128.0,-118.0
1798000386.25,48.00353998796474,3.6661588464101347,99.821,131.0,-118.0
1798000390.0,48.00353998796474,3.6661991253355577,99.906,134.0,-118.0
1798000393.75,48.00353998796474,3.6662394042609807,99.935,137.0,-118.0
1798000397.5,48.00353998796474,3.6662796831864037,100.047,140.0,-118.0
1798000401.25,48.00353998796474,3.6663199621118263,100.024,143.0,-118.0
1798000405.0,48.00353998796474,3.6663602410372493,100.095,146.0,-118.0
1798000408.75,48.00353998796474,3.6664005199626724,100.135,149.0,-118.0
1798000412.5,48.00353998796474,3.6664407988880954,100.159,152.0,-118.0
1798000416.25,48.00353998796474,3.6664810778135184,100.152,155.0,-118.0
1798000420.0,48.00353998796474,3.666521356738941,100.275,158.0,-118.0
1798000423.75,48.00353998796474,3.666561635664364,100.272,161.0,-118.0
1798000427.5,48.00353998796474,3.666601914589787,100.315,164.0,-118.0
1798000431.25,48.00353998796474,3.66664219351521,100.34,167.0,-118.0
1798000435.0,48.00353998796474,3.666682472440633,100.331,170.0,-118.0
1798000438.75,48.00353998796474,3.6667227513660556,100.359,173.0,-118.0
1798000442.5,48.00353998796474,3.6667630302914787,100.381,176.0,-118.0
1798000452.917,48.003614847571754,3.6667630302914787,100.432,176.0,-109.667
1798000463.333,48.003689707178765,3.6667630302914787,100.386,176.0,-101.333
1798000473.75,48.00376456678577,3.6667630302914787,100.341,176.0,-93.0
1798000477.5,48.00376456678577,3.6667227513660556,100.371,173.0,-93.0
1798000481.25,48.00376456678577,3.666682472440633,100.323,170.0,-93.0
1798000485.0,48.00376456678577,3.66664219351521,100.346,167.0,-93.0
1798000488.75,48.00376456678577,3.666601914589787,100.263,164.0,-93.0
1798000492.5,48.00376456678577,3.666561635664364,100.257,161.0,-93.0
1798000496.25,48.00376456678577,3.666521356738941,100.203,158.0,-93.0
1798000500.0,48.00376456678577,3.6664810778135184,100.166,155.0,-93.0
1798000503.75,48.00376456678577,3.6664407988880954,100.087,152.0,-93.0
1798000507.5,48.00376456678577,3.6664005199626724,100.049,149.0,-93.0
1798000511.25,48.00376456678577,3.6663602410372493,100.006,146.0,-93.0
1798000515.0,48.00376456678577,3.6663199621118263,99.963,143.0,-93.0
1798000518.75,48.00376456678577,3.6662796831864037,99.898,140.0,-93.0
1798000522.5,48.00376456678577,3.6662394042609807,99.783,137.0,-93.0
1798000526.25,48.00376456678577,3.6661991253355577,99.736,134.0,-93.0
1798000530.0,48.00376456678577,3.6661588464101347,99.697,131.0,-93.0
1798000533.75,48.00376456678577,3.6661185674847117,99.606,128.0,-93.0
1798000537.5,48.00376456678577,3.666078288559289,99.48,125.0,-93.0
1798000541.25,48.00376456678577,3.666038009633866,99.387,122.0,-93.0
1798000545.0,48.00376456678577,3.665997730708443,99.349,119.0,-93.0
1798000548.75,48.00376456678577,3.66595745178302,99.219,116.0,-93.0
1798000552.5,48.00376456678577,3.665917172857597,99.035,113.0,-93.0
1798000556.25,48.00376456678577,3.6658768939321744,99.031,110.0,-93.0
1798000560.0,48.00376456678577,3.6658366150067514,98.866,107.0,-93.0
1798000563.75,48.00376456678577,3.6657963360813284,98.725,104.0,-93.0
1798000567.5,48.00376456678577,3.6657560571559054,98.567,101.0,-93.0
1798000571.25,48.00376456678577,3.6657157782304823,98.409,98.0,-93.0
1798000575.0,48.00376456678577,3.6656754993050598,98.277,95.0,-93.0
1798000578.75,48.00376456678577,3.6656352203796367,98.123,92.0,-93.0
1798000582.5,48.00376456678577,3.6655949414542137,97.957,89.0,-93.0
1798000586.25,48.00376456678577,3.6655546625287907,97.772,86.0,-93.0
1798000590.0,48.00376456678577,3.6655143836033677,97.712,83.0,-93.0
1798000593.75,48.00376456678577,3.665474104677945,97.545,80.0,-93.0
1798000597.5,48.00376456678577,3.665433825752522,97.355,77.0,-93.0
1798000601.25,48.00376456678577,3.665393546827099,97.171,74.0,-93.0
1798000605.0,48.00376456678577,3.665353267901676,96.978,71.0,-93.0
1798000608.75,48.00376456678577,3.665312988976253,96.812,68.0,-93.0
1798000612.5,48.00376456678577,3.6652727100508304,96.654,65.0,-93.0
1798000616.25,48.00376456678577,3.6652324311254074,96.46,62.0,-93.0
1798000620.0,48.00376456678577,3.6651921521999844,96.329,59.0,-93.0
1798000623.75,48.00376456678577,3.6651518732745614,96.155,56.0,-93.0
1798000627.5,48.00376456678577,3.6651115943491384,95.988,53.0,-93.0
1798000631.25,48.00376456678577,3.665071315423716,95.849,50.0,-93.0
1798000635.0,48.00376456678577,3.6650310364982928,95.697,47.0,-93.0
1798000638.75,48.00376456678577,3.6649907575728697,95.583,44.0,-93.0
1798000642.5,48.00376456678577,3.6649504786474467,95.413,41.0,-93.0
1798000646.25,48.00376456678577,3.6649101997220237,95.267,38.0,-93.0
1798000650.0,48.00376456678577,3.664869920796601,95.191,35.0,-93.0
1798000653.75,48.00376456678577,3.664829641871178,95.116,32.0,-93.0
1798000657.5,48.00376456678577,3.664789362945755,95.038,29.0,-93.0
1798000661.25,48.00376456678577,3.664749084020332,94.929,26.0,-93.0
1798000665.0,48.00376456678577,3.664708805094909,94.794,23.0,-93.0
1798000668.75,48.00376456678577,3.6646685261694865,94.753,20.0,-93.0
1798000672.5,48.00376456678577,3.6646282472440634,94.685,17.0,-93.0
1798000676.25,48.00376456678577,3.6645879683186404,94.704,14.0,-93.0
1798000680.0,48.00376456678577,3.6645476893932174,94.679,11.0,-93.0
1798000683.75,48.00376456678577,3.6645074104677944,94.65,8.0,-93.0
1798000687.5,48.00376456678577,3.664467131542372,94.739,5.0,-93.0
1798000691.25,48.00376456678577,3.664426852616949,94.743,2.0,-93.0
1798000695.0,48.00376456678577,3.6643865736915258,94.742,-1.0,-93.0
1798000698.75,48.00376456678577,3.6643462947661027,94.831,-4.0,-93.0
1798000702.5,48.00376456678577,3.6643060158406797,94.807,-7.0,-93.0
1798000706.25,48.00376456678577,3.664265736915257,94.958,-10.0,-93.0
1798000710.0,48.00376456678577,3.664225457989834,95.037,-13.0,-93.0
1798000713.75,48.00376456678577,3.664185179064411,95.197,-16.0,-93.0
1798000717.5,48.00376456678577,3.664144900138988,95.278,-19.0,-93.0
1798000721.25,48.00376456678577,3.664104621213565,95.375,-22.0,-93.0
1798000725.0,48.00376456678577,3.6640643422881425,95.473,-25.0,-93.0
1798000728.75,48.00376456678577,3.6640240633627195,95.603,-28.0,-93.0
1798000732.5,48.00376456678577,3.6639837844372964,95.767,-31.0,-93.0
1798000736.25,48.00376456678577,3.6639435055118734,95.896,-34.0,-93.0
1798000740.0,48.00376456678577,3.6639032265864504,96.032,-37.0,-93.0
1798000743.75,48.00376456678577,3.663862947661028,96.245,-40.0,-93.0
1798000747.5,48.00376456678577,3.663822668735605,96.348,-43.0,-93.0
1798000751.25,48.00376456678577,3.663782389810182,96.468,-46.0,-93.0
1798000755.0,48.00376456678577,3.6637421108847588,96.689,-49.0,-93.0
1798000758.75,48.00376456678577,3.6637018319593357,96.82,-52.0,-93.0
1798000762.5,48.00376456678577,3.663661553033913,96.998,-55.0,-93.0
1798000766.25,48.00376456678577,3.66362127410849,97.173,-58.0,-93.0
1798000770.0,48.00376456678577,3.663580995183067,97.261,-61.0,-93.0
1798000773.75,48.00376456678577,3.663540716257644,97.392,-64.0,-93.0
1798000777.5,48.00376456678577,3.663500437332221,97.56,-67.0,-93.0
1798000781.25,48.00376456678577,3.6634601584067985,97.752,-70.0,-93.0
1798000785.0,48.00376456678577,3.6634198794813755,97.915,-73.0,-93.0
1798000788.75,48.00376456678577,3.6633796005559525,98.037,-76.0,-93.0
1798000792.5,48.00376456678577,3.6633393216305294,98.099,-79.0,-93.0
1798000796.25,48.00376456678577,3.6632990427051064,98.225,-82.0,-93.0
1798000800.0,48.00376456678577,3.663258763779684,98.347,-85.0,-93.0
1798000803.75,48.00376456678577,3.663218484854261,98.412,-88.0,-93.0
1798000807.5,48.00376456678577,3.663178205928838,98.53,-91.0,-93.0
1798000811.25,48.00376456678577,3.663137927003415,98.611,-94.0,-93.0
1798000815.0,48.00376456678577,3.6630976480779918,98.731,-97.0,-93.0
1798000818.75,48.00376456678577,3.663057369152569,98.757,-100.0,-93.0
1798000822.5,48.00376456678577,3.663017090227146,98.893,-103.0,-93.0
1798000826.25,48.00376456678577,3.662976811301723,98.922,-106.0,-93.0
1798000830.0,48.00376456678577,3.6629365323763,98.954,-109.0,-93.0
1798000833.75,48.00376456678577,3.662896253450877,98.948,-112.0,-93.0
1798000837.5,48.00376456678577,3.6628559745254545,99.045,-115.0,-93.0
1798000841.25,48.00376456678577,3.6628156956000315,99.077,-118.0,-93.0
1798000845.0,48.00376456678577,3.6627754166746085,99.147,-121.0,-93.0
1798000848.75,48.00376456678577,3.6627351377491855,99.142,-124.0,-93.0
1798000852.5,48.00376456678577,3.6626948588237624,99.218,-127.0,-93.0
1798000856.25,48.00376456678577,3.66265457989834,99.167,-130.0,-93.0
1798000860.0,48.00376456678577,3.662614300972917,99.133,-133.0,-93.0
1798000863.75,48.00376456678577,3.662574022047494,99.209,-136.0,-93.0
1798000867.5,48.00376456678577,3.662533743122071,99.159,-139.0,-93.0
1798000871.25,48.00376456678577,3.662493464196648,99.206,-142.0,-93.0
1798000875.0,48.00376456678577,3.662453185271225,99.183,-145.0,-93.0
1798000878.75,48.00376456678577,3.662412906345802,99.238,-148.0,-93.0
1798000882.5,48.00376456678577,3.662372627420379,99.173,-151.0,-93.0
1798000886.25,48.00376456678577,3.662332348494956,99.219,-154.0,-93.0
1798000890.0,48.00376456678577,3.662292069569533,99.137,-157.0,-93.0
1798000893.75,48.00376456678577,3.6622517906441105,99.211,-160.0,-93.0
1798000897.5,48.00376456678577,3.6622115117186875,99.138,-163.0,-93.0
1798000901.25,48.00376456678577,3.6621712327932645,99.172,-166.0,-93.0
1798000905.0,48.00376456678577,3.6621309538678415,99.185,-169.0,-93.0
1798000908.75,48.00376456678577,3.6620906749424185,99.127,-172.0,-93.0
1798000912.5,48.00376456678577,3.662050396016996,99.126,-175.0,-93.0
1798000916.25,48.00376456678577,3.662010117091573,99.156,-178.0,-93.0
1798000926.667,48.00383942639278,3.662010117091573,99.162,-178.0,-84.667
1798000937.083,48.00391428599979,3.662010117091573,99.212,-178.0,-76.333
1798000947.5,48.0039891456068,3.662010117091573,99.311,-178.0,-68.0
1798000951.25,48.0039891456068,3.662050396016996,99.312,-175.0,-68.0
1798000955.0,48.0039891456068,3.6620906749424185,99.319,-172.0,-68.0
1798000958.75,48.0039891456068,3.6621309538678415,99.359,-169.0,-68.0
1798000962.5,48.0039891456068,3.6621712327932645,99.309,-166.0,-68.0
1798000966.25,48.0039891456068,3.6622115117186875,99.321,-163.0,-68.0
1798000970.0,48.0039891456068,3.6622517906441105,99.396,-160.0,-68.0
1798000973.75,48.0039891456068,3.662292069569533,99.468,-157.0,-68.0
1798000977.5,48.0039891456068,3.662332348494956,99.451,-154.0,-68.0
1798000981.25,48.0039891456068,3.662372627420379,99.486,-151.0,-68.0
1798000985.0,48.0039891456068,3.662412906345802,99.536,-148.0,-68.0
1798000988.75,48.0039891456068,3.662453185271225,99.571,-145.0,-68.0
1798000992.5,48.0039891456068,3.662493464196648,99.59,-142.0,-68.0
1798000996.25,48.0039891456068,3.662533743122071,99.572,-139.0,-68.0
1798001000.0,48.0039891456068,3.662574022047494,99.621,-136.0,-68.0
1798001003.75,48.0039891456068,3.662614300972917,99.612,-133.0,-68.0
1798001007.5,48.0039891456068,3.66265457989834,99.63,-130.0,-68.0
1798001011.25,48.0039891456068,3.6626948588237624,99.666,-127.0,-68.0
1798001015.0,48.0039891456068,3.6627351377491855,99.707,-124.0,-68.0
1798001018.75,48.0039891456068,3.6627754166746085,99.57,-121.0,-68.0
1798001022.5,48.0039891456068,3.6628156956000315,99.592,-118.0,-68.0
1798001026.25,48.0039891456068,3.6628559745254545,99.545,-115.0,-68.0
1798001030.0,48.0039891456068,3.662896253450877,99.533,-112.0,-68.0
1798001033.75,48.0039891456068,3.6629365323763,99.571,-109.0,-68.0
1798001037.5,48.0039891456068,3.662976811301723,99.57,-106.0,-68.0
1798001041.25,48.0039891456068,3.663017090227146,99.469,-103.0,-68.0
1798001045.0,48.0039891456068,3.663057369152569,99.361,-100.0,-68.0
1798001048.75,48.0039891456068,3.6630976480779918,99.259,-97.0,-68.0
1798001052.5,48.0039891456068,3.663137927003415,99.169,-94.0,-68.0
1798001056.25,48.0039891456068,3.663178205928838,99.173,-91.0,-68.0
1798001060.0,48.0039891456068,3.663218484854261,99.065,-88.0,-68.0
1798001063.75,48.0039891456068,3.663258763779684,98.916,-85.0,-68.0
1798001067.5,48.0039891456068,3.6632990427051064,98.842,-82.0,-68.0
1798001071.25,48.0039891456068,3.6633393216305294,98.693,-79.0,-68.0
1798001075.0,48.0039891456068,3.6633796005559525,98.565,-76.0,-68.0
1798001078.75,48.0039891456068,3.6634198794813755,98.37,-73.0,-68.0
1798001082.5,48.0039891456068,3.6634601584067985,98.263,-70.0,-68.0
1798001086.25,48.0039891456068,3.663500437332221,98.009,-67.0,-68.0
1798001090.0,48.0039891456068,3.663540716257644,97.888,-64.0,-68.0
1798001093.75,48.0039891456068,3.663580995183067,97.738,-61.0,-68.0
1798001097.5,48.0039891456068,3.66362127410849,97.494,-58.0,-68.0
1798001101.25,48.0039891456068,3.663661553033913,97.323,-55.0,-68.0
1798001105.0,48.0039891456068,3.6637018319593357,97.12,-52.0,-68.0
1798001108.75,48.0039891456068,3.6637421108847588,96.905,-49.0,-68.0
1798001112.5,48.0039891456068,3.663782389810182,96.689,-46.0,-68.0
1798001116.25,48.0039891456068,3.663822668735605,96.478,-43.0,-68.0
1798001120.0,48.0039891456068,3.663862947661028,96.304,-40.0,-68.0
1798001123.75,48.0039891456068,3.6639032265864504,96.182,-37.0,-68.0
1798001127.5,48.0039891456068,3.6639435055118734,95.902,-34.0,-68.0
1798001131.25,48.0039891456068,3.6639837844372964,95.713,-31.0,-68.0
1798001135.0,48.0039891456068,3.6640240633627195,95.576,-28.0,-68.0
1798001138.75,48.0039891456068,3.6640643422881425,95.288,-25.0,-68.0
1798001142.5,48.0039891456068,3.664104621213565,95.168,-22.0,-68.0
1798001146.25,48.0039891456068,3.664144900138988,95.027,-19.0,-68.0
1798001150.0,48.0039891456068,3.664185179064411,94.903,-16.0,-68.0
1798001153.75,48.0039891456068,3.664225457989834,94.749,-13.0,-68.0
1798001157.5,48.0039891456068,3.664265736915257,94.639,-10.0,-68.0
1798001161.25,48.0039891456068,3.6643060158406797,94.522,-7.0,-68.0
1798001165.0,48.0039891456068,3.6643462947661027,94.439,-4.0,-68.0
1798001168.75,48.0039891456068,3.6643865736915258,94.381,-1.0,-68.0
1798001172.5,48.0039891456068,3.664426852616949,94.286,2.0,-68.0
1798001176.25,48.0039891456068,3.664467131542372,94.335,5.0,-68.0
1798001180.0,48.0039891456068,3.6645074104677944,94.197,8.0,-68.0
1798001183.75,48.0039891456068,3.6645476893932174,94.276,11.0,-68.0
1798001187.5,48.0039891456068,3.6645879683186404,94.284,14.0,-68.0
1798001191.25,48.0039891456068,3.6646282472440634,94.288,17.0,-68.0
1798001195.0,48.0039891456068,3.6646685261694865,94.348,20.0,-68.0
1798001198.75,48.0039891456068,3.664708805094909,94.341,23.0,-68.0
1798001202.5,48.0039891456068,3.664749084020332,94.489,26.0,-68.0
1798001206.25,48.0039891456068,3.664789362945755,94.552,29.0,-68.0
1798001210.0,48.0039891456068,3.664829641871178,94.666,32.0,-68.0
1798001213.75,48.0039891456068,3.664869920796601,94.793,35.0,-68.0
1798001217.5,48.0039891456068,3.6649101997220237,94.915,38.0,-68.0
1798001221.25,48.0039891456068,3.6649504786474467,95.076,41.0,-68.0
1798001225.0,48.0039891456068,3.6649907575728697,95.196,44.0,-68.0
1798001228.75,48.0039891456068,3.6650310364982928,95.382,47.0,-68.0
1798001232.5,48.0039891456068,3.665071315423716,95.477,50.0,-68.0
1798001236.25,48.0039891456068,3.6651115943491384,95.712,53.0,-68.0
1798001240.0,48.0039891456068,3.6651518732745614,95.807,56.0,-68.0
1798001243.75,48.0039891456068,3.6651921521999844,96.026,59.0,-68.0
1798001247.5,48.0039891456068,3.6652324311254074,96.139,62.0,-68.0
1798001251.25,48.0039891456068,3.6652727100508304,96.419,65.0,-68.0
1798001255.0,48.0039891456068,3.665312988976253,96.661,68.0,-68.0
1798001258.75,48.0039891456068,3.665353267901676,96.746,71.0,-68.0
1798001262.5,48.0039891456068,3.665393546827099,96.97,74.0,-68.0
1798001266.25,48.0039891456068,3.665433825752522,97.169,77.0,-68.0
1798001270.0,48.0039891456068,3.665474104677945,97.343,80.0,-68.0
1798001273.75,48.0039891456068,3.6655143836033677,97.6,83.0,-68.0
1798001277.5,48.0039891456068,3.6655546625287907,97.695,86.0,-68.0
1798001281.25,48.0039891456068,3.6655949414542137,97.978,89.0,-68.0
1798001285.0,48.0039891456068,3.6656352203796367,98.12,92.0,-68.0
1798001288.75,48.0039891456068,3.6656754993050598,98.236,95.0,-68.0
1798001292.5,48.0039891456068,3.6657157782304823,98.455,98.0,-68.0
1798001296.25,48.0039891456068,3.6657560571559054,98.567,101.0,-68.0
1798001300.0,48.0039891456068,3.6657963360813284,98.69,104.0,-68.0
1798001303.75,48.0039891456068,3.6658366150067514,98.847,107.0,-68.0
1798001307.5,48.0039891456068,3.6658768939321744,99.011,110.0,-68.0
1798001311.25,48.0039891456068,3.665917172857597,99.104,113.0,-68.0
1798001315.0,48.0039891456068,3.66595745178302,99.218,116.0,-68.0
1798001318.75,48.0039891456068,3.665997730708443,99.33,119.0,-68.0
1798001322.5,48.0039891456068,3.666038009633866,99.417,122.0,-68.0
1798001326.25,48.0039891456068,3.666078288559289,99.558,125.0,-68.0
1798001330.0,48.0039891456068,3.6661185674847117,99.639,128.0,-68.0
1798001333.75,48.0039891456068,3.6661588464101347,99.692,131.0,-68.0
1798001337.5,48.0039891456068,3.6661991253355577,99.79,134.0,-68.0
1798001341.25,48.0039891456068,3.6662394042609807,99.874,137.0,-68.0
1798001345.0,48.0039891456068,3.6662796831864037,99.903,140.0,-68.0
1798001348.75,48.0039891456068,3.6663199621118263,100.02,143.0,-68.0
1798001352.5,48.0039891456068,3.6663602410372493,100.052,146.0,-68.0
1798001356.25,48.0039891456068,3.6664005199626724,100.146,149.0,-68.0
1798001360.0,48.0039891456068,3.6664407988880954,100.159,152.0,-68.0
1798001363.75,48.0039891456068,3.6664810778135184,100.235,155.0,-68.0
1798001367.5,48.0039891456068,3.666521356738941,100.268,158.0,-68.0
1798001371.25,48.0039891456068,3.666561635664364,100.313,161.0,-68.0
1798001375.0,48.0039891456068,3.666601914589787,100.357,164.0,-68.0
1798001378.75,48.0039891456068,3.66664219351521,100.417,167.0,-68.0
1798001382.5,48.0039891456068,3.666682472440633,100.435,170.0,-68.0
1798001386.25,48.0039891456068,3.6667227513660556,100.433,173.0,-68.0
1798001390.0,48.0039891456068,3.6667630302914787,100.445,176.0,-68.0
1798001400.417,48.00406400521381,3.6667630302914787,100.573,176.0,-59.667
1798001410.833,48.004138864820824,3.6667630302914787,100.564,176.0,-51.333
1798001421.25,48.004213724427835,3.6667630302914787,100.636,176.0,-43.0
1798001425.0,48.004213724427835,3.6667227513660556,100.596,173.0,-43.0
1798001428.75,48.004213724427835,3.666682472440633,100.612,170.0,-43.0
1798001432.5,48.004213724427835,3.66664219351521,100.551,167.0,-43.0
1798001436.25,48.004213724427835,3.666601914589787,100.58,164.0,-43.0
1798001440.0,48.004213724427835,3.666561635664364,100.588,161.0,-43.0
1798001443.75,48.004213724427835,3.666521356738941,100.546,158.0,-43.0
1798001447.5,48.004213724427835,3.6664810778135184,100.599,155.0,-43.0
1798001451.25,48.004213724427835,3.6664407988880954,100.532,152.0,-43.0
1798001455.0,48.004213724427835,3.6664005199626724,100.537,149.0,-43.0
1798001458.75,48.004213724427835,3.6663602410372493,100.428,146.0,-43.0
1798001462.5,48.004213724427835,3.6663199621118263,100.39,143.0,-43.0
1798001466.25,48.004213724427835,3.6662796831864037,100.36,140.0,-43.0
1798001470.0,48.004213724427835,3.6662394042609807,100.373,137.0,-43.0
1798001473.75,48.004213724427835,3.6661991253355577,100.269,134.0,-43.0
1798001477.5,48.004213724427835,3.6661588464101347,100.275,131.0,-43.0
1798001481.25,48.004213724427835,3.6661185674847117,100.206,128.0,-43.0
1798001485.0,48.004213724427835,3.666078288559289,100.191,125.0,-43.0
1798001488.75,48.004213724427835,3.666038009633866,100.078,122.0,-43.0
1798001492.5,48.004213724427835,3.665997730708443,100.017,119.0,-43.0
1798001496.25,48.004213724427835,3.66595745178302,99.987,116.0,-43.0
1798001500.0,48.004213724427835,3.665917172857597,99.825,113.0,-43.0
1798001503.75,48.004213724427835,3.6658768939321744,99.807,110.0,-43.0
1798001507.5,48.004213724427835,3.6658366150067514,99.707,107.0,-43.0
1798001511.25,48.004213724427835,3.6657963360813284,99.593,104.0,-43.0
1798001515.0,48.004213724427835,3.6657560571559054,99.493,101.0,-43.0
1798001518.75,48.004213724427835,3.6657157782304823,99.421,98.0,-43.0
1798001522.5,48.004213724427835,3.6656754993050598,99.303,95.0,-43.0
1798001526.25,48.004213724427835,3.6656352203796367,99.183,92.0,-43.0
1798001530.0,48.004213724427835,3.6655949414542137,99.053,89.0,-43.0
1798001533.75,48.004213724427835,3.6655546625287907,98.863,86.0,-43.0
1798001537.5,48.004213724427835,3.6655143836033677,98.762,83.0,-43.0
1798001541.25,48.004213724427835,3.665474104677945,98.597,80.0,-43.0
1798001545.0,48.004213724427835,3.665433825752522,98.509,77.0,-43.0
1798001548.75,48.004213724427835,3.665393546827099,98.313,74.0,-43.0
1798001552.5,48.004213724427835,3.665353267901676,98.142,71.0,-43.0
1798001556.25,48.004213724427835,3.665312988976253,97.94,68.0,-43.0
1798001560.0,48.004213724427835,3.6652727100508304,97.829,65.0,-43.0
1798001563.75,48.004213724427835,3.6652324311254074,97.664,62.0,-43.0
1798001567.5,48.004213724427835,3.6651921521999844,97.486,59.0,-43.0
1798001571.25,48.004213724427835,3.6651518732745614,97.279,56.0,-43.0
1798001575.0,48.004213724427835,3.6651115943491384,97.179,53.0,-43.0
1798001578.75,48.004213724427835,3.665071315423716,97.075,50.0,-43.0
1798001582.5,48.004213724427835,3.6650310364982928,96.879,47.0,-43.0
1798001586.25,48.004213724427835,3.6649907575728697,96.741,44.0,-43.0
1798001590.0,48.004213724427835,3.6649504786474467,96.618,41.0,-43.0
1798001593.75,48.004213724427835,3.6649101997220237,96.514,38.0,-43.0
1798001597.5,48.004213724427835,3.664869920796601,96.369,35.0,-43.0
1798001601.25,48.004213724427835,3.664829641871178,96.276,32.0,-43.0
1798001605.0,48.004213724427835,3.664789362945755,96.106,29.0,-43.0
1798001608.75,48.004213724427835,3.664749084020332,96.07,26.0,-43.0
1798001612.5,48.004213724427835,3.664708805094909,95.989,23.0,-43.0
1798001616.25,48.004213724427835,3.6646685261694865,96.007,20.0,-43.0
1798001620.0,48.004213724427835,3.6646282472440634,95.94,17.0,-43.0
1798001623.75,48.004213724427835,3.6645879683186404,95.945,14.0,-43.0
1798001627.5,48.004213724427835,3.6645476893932174,95.852,11.0,-43.0
1798001631.25,48.004213724427835,3.6645074104677944,95.893,8.0,-43.0
1798001635.0,48.004213724427835,3.664467131542372,95.968,5.0,-43.0
1798001638.75,48.004213724427835,3.664426852616949,96.033,2.0,-43.0
1798001642.5,48.004213724427835,3.6643865736915258,96.139,-1.0,-43.0
1798001646.25,48.004213724427835,3.6643462947661027,96.201,-4.0,-43.0
1798001650.0,48.004213724427835,3.6643060158406797,96.241,-7.0,-43.0
1798001653.75,48.004213724427835,3.664265736915257,96.344,-10.0,-43.0
1798001657.5,48.004213724427835,3.664225457989834,96.458,-13.0,-43.0
1798001661.25,48.004213724427835,3.664185179064411,96.699,-16.0,-43.0
1798001665.0,48.004213724427835,3.664144900138988,96.831,-19.0,-43.0
1798001668.75,48.004213724427835,3.664104621213565,96.971,-22.0,-43.0
1798001672.5,48.004213724427835,3.6640643422881425,97.187,-25.0,-43.0
1798001676.25,48.004213724427835,3.6640240633627195,97.347,-28.0,-43.0
1798001680.0,48.004213724427835,3.6639837844372964,97.504,-31.0,-43.0
1798001683.75,48.004213724427835,3.6639435055118734,97.786,-34.0,-43.0
1798001687.5,48.004213724427835,3.6639032265864504,97.878,-37.0,-43.0
1798001691.25,48.004213724427835,3.663862947661028,98.172,-40.0,-43.0
1798001695.0,48.004213724427835,3.663822668735605,98.358,-43.0,-43.0
1798001698.75,48.004213724427835,3.663782389810182,98.547,-46.0,-43.0
1798001702.5,48.004213724427835,3.6637421108847588,98.794,-49.0,-43.0
1798001706.25,48.004213724427835,3.6637018319593357,98.945,-52.0,-43.0
1798001710.0,48.004213724427835,3.663661553033913,99.234,-55.0,-43.0
1798001713.75,48.004213724427835,3.66362127410849,99.372,-58.0,-43.0
1798001717.5,48.004213724427835,3.663580995183067,99.493,-61.0,-43.0
1798001721.25,48.004213724427835,3.663540716257644,99.721,-64.0,-43.0
1798001725.0,48.004213724427835,3.663500437332221,99.91,-67.0,-43.0
1798001728.75,48.004213724427835,3.6634601584067985,100.04,-70.0,-43.0
1798001732.5,48.004213724427835,3.6634198794813755,100.176,-73.0,-43.0
1798001736.25,48.004213724427835,3.6633796005559525,100.324,-76.0,-43.0
1798001740.0,48.004213724427835,3.6633393216305294,100.458,-79.0,-43.0
1798001743.75,48.004213724427835,3.6632990427051064,100.586,-82.0,-43.0
1798001747.5,48.004213724427835,3.663258763779684,100.664,-85.0,-43.0
1798001751.25,48.004213724427835,3.663218484854261,100.738,-88.0,-43.0
1798001755.0,48.004213724427835,3.663178205928838,100.791,-91.0,-43.0
1798001758.75,48.004213724427835,3.663137927003415,100.871,-94.0,-43.0
1798001762.5,48.004213724427835,3.6630976480779918,100.882,-97.0,-43.0
1798001766.25,48.004213724427835,3.663057369152569,100.866,-100.0,-43.0
1798001770.0,48.004213724427835,3.663017090227146,100.95,-103.0,-43.0
1798001773.75,48.004213724427835,3.662976811301723,100.915,-106.0,-43.0
1798001777.5,48.004213724427835,3.6629365323763,100.88,-109.0,-43.0
1798001781.25,48.004213724427835,3.662896253450877,100.9,-112.0,-43.0
1798001785.0,48.004213724427835,3.6628559745254545,100.86,-115.0,-43.0
1798001788.75,48.004213724427835,3.6628156956000315,100.797,-118.0,-43.0
1798001792.5,48.004213724427835,3.6627754166746085,100.717,-121.0,-43.0
1798001796.25,48.004213724427835,3.6627351377491855,100.708,-124.0,-43.0
1798001800.0,48.004213724427835,3.6626948588237624,100.642,-127.0,-43.0
1798001803.75,48.004213724427835,3.66265457989834,100.566,-130.0,-43.0
1798001807.5,48.004213724427835,3.662614300972917,100.498,-133.0,-43.0
1798001811.25,48.004213724427835,3.662574022047494,100.445,-136.0,-43.0
1798001815.0,48.004213724427835,3.662533743122071,100.381,-139.0,-43.0
1798001818.75,48.004213724427835,3.662493464196648,100.327,-142.0,-43.0
1798001822.5,48.004213724427835,3.662453185271225,100.227,-145.0,-43.0
1798001826.25,48.004213724427835,3.662412906345802,100.118,-148.0,-43.0
1798001830.0,48.004213724427835,3.662372627420379,100.072,-151.0,-43.0
1798001833.75,48.004213724427835,3.662332348494956,100.01,-154.0,-43.0
1798001837.5,48.004213724427835,3.662292069569533,99.938,-157.0,-43.0
1798001841.25,48.004213724427835,3.6622517906441105,99.854,-160.0,-43.0
1798001845.0,48.004213724427835,3.6622115117186875,99.865,-163.0,-43.0
1798001848.75,48.004213724427835,3.6621712327932645,99.731,-166.0,-43.0
1798001852.5,48.004213724427835,3.6621309538678415,99.644,-169.0,-43.0
1798001856.25,48.004213724427835,3.6620906749424185,99.591,-172.0,-43.0
1798001860.0,48.004213724427835,3.662050396016996,99.59,-175.0,-43.0
1798001863.75,48.004213724427835,3.662010117091573,99.489,-178.0,-43.0
1798001874.167,48.00428858403484,3.662010117091573,99.637,-178.0,-34.667
1798001884.583,48.00436344364185,3.662010117091573,99.737,-178.0,-26.333
1798001895.0,48.00443830324886,3.662010117091573,99.814,-178.0,-18.0
1798001898.75,48.00443830324886,3.662050396016996,99.905,-175.0,-18.0
1798001902.5,48.00443830324886,3.6620906749424185,100.019,-172.0,-18.0
1798001906.25,48.00443830324886,3.6621309538678415,100.088,-169.0,-18.0
1798001910.0,48.00443830324886,3.6621712327932645,100.205,-166.0,-18.0
1798001913.75,48.00443830324886,3.6622115117186875,100.25,-163.0,-18.0
1798001917.5,48.00443830324886,3.6622517906441105,100.453,-160.0,-18.0
1798001921.25,48.00443830324886,3.662292069569533,100.461,-157.0,-18.0
1798001925.0,48.00443830324886,3.662332348494956,100.698,-154.0,-18.0
1798001928.75,48.00443830324886,3.662372627420379,100.81,-151.0,-18.0
1798001932.5,48.00443830324886,3.662412906345802,100.948,-148.0,-18.0
1798001936.25,48.00443830324886,3.662453185271225,101.035,-145.0,-18.0
1798001940.0,48.00443830324886,3.662493464196648,101.187,-142.0,-18.0
1798001943.75,48.00443830324886,3.662533743122071,101.284,-139.0,-18.0
1798001947.5,48.00443830324886,3.662574022047494,101.461,-136.0,-18.0
1798001951.25,48.00443830324886,3.662614300972917,101.59,-133.0,-18.0
1798001955.0,48.00443830324886,3.66265457989834,101.748,-130.0,-18.0
1798001958.75,48.00443830324886,3.6626948588237624,101.879,-127.0,-18.0
1798001962.5,48.00443830324886,3.6627351377491855,102.031,-124.0,-18.0
1798001966.25,48.00443830324886,3.6627754166746085,102.145,-121.0,-18.0
1798001970.0,48.00443830324886,3.6628156956000315,102.296,-118.0,-18.0
1798001973.75,48.00443830324886,3.6628559745254545,102.361,-115.0,-18.0
1798001977.5,48.00443830324886,3.662896253450877,102.511,-112.0,-18.0
1798001981.25,48.00443830324886,3.6629365323763,102.63,-109.0,-18.0
1798001985.0,48.00443830324886,3.662976811301723,102.71,-106.0,-18.0
1798001988.75,48.00443830324886,3.663017090227146,102.746,-103.0,-18.0
1798001992.5,48.00443830324886,3.663057369152569,102.829,-100.0,-18.0
1798001996.25,48.00443830324886,3.6630976480779918,102.841,-97.0,-18.0
1798002000.0,48.00443830324886,3.663137927003415,102.901,-94.0,-18.0
1798002003.75,48.00443830324886,3.663178205928838,102.895,-91.0,-18.0
1798002007.5,48.00443830324886,3.663218484854261,102.896,-88.0,-18.0
1798002011.25,48.00443830324886,3.663258763779684,102.919,-85.0,-18.0
1798002015.0,48.00443830324886,3.6632990427051064,102.846,-82.0,-18.0
1798002018.75,48.00443830324886,3.6633393216305294,102.856,-79.0,-18.0
1798002022.5,48.00443830324886,3.6633796005559525,102.764,-76.0,-18.0
1798002026.25,48.00443830324886,3.6634198794813755,102.616,-73.0,-18.0
1798002030.0,48.00443830324886,3.6634601584067985,102.627,-70.0,-18.0
1798002033.75,48.00443830324886,3.663500437332221,102.433,-67.0,-18.0
1798002037.5,48.00443830324886,3.663540716257644,102.285,-64.0,-18.0
1798002041.25,48.00443830324886,3.663580995183067,102.156,-61.0,-18.0
1798002045.0,48.00443830324886,3.66362127410849,102.007,-58.0,-18.0
1798002048.75,48.00443830324886,3.663661553033913,101.853,-55.0,-18.0
1798002052.5,48.00443830324886,3.6637018319593357,101.682,-52.0,-18.0
1798002056.25,48.00443830324886,3.6637421108847588,101.531,-49.0,-18.0
1798002060.0,48.00443830324886,3.663782389810182,101.339,-46.0,-18.0
1798002063.75,48.00443830324886,3.663822668735605,101.111,-43.0,-18.0
1798002067.5,48.00443830324886,3.663862947661028,100.926,-40.0,-18.0
1798002071.25,48.00443830324886,3.6639032265864504,100.716,-37.0,-18.0
1798002075.0,48.00443830324886,3.6639435055118734,100.618,-34.0,-18.0
1798002078.75,48.00443830324886,3.6639837844372964,100.383,-31.0,-18.0
1798002082.5,48.00443830324886,3.6640240633627195,100.246,-28.0,-18.0
1798002086.25,48.00443830324886,3.6640643422881425,100.076,-25.0,-18.0
1798002090.0,48.00443830324886,3.664104621213565,99.898,-22.0,-18.0
1798002093.75,48.00443830324886,3.664144900138988,99.785,-19.0,-18.0
1798002097.5,48.00443830324886,3.664185179064411,99.639,-16.0,-18.0
1798002101.25,48.00443830324886,3.664225457989834,99.504,-13.0,-18.0
1798002105.0,48.00443830324886,3.664265736915257,99.44,-10.0,-18.0
1798002108.75,48.00443830324886,3.6643060158406797,99.311,-7.0,-18.0
1798002112.5,48.00443830324886,3.6643462947661027,99.261,-4.0,-18.0
1798002116.25,48.00443830324886,3.6643865736915258,99.213,-1.0,-18.0
1798002120.0,48.00443830324886,3.664426852616949,99.205,2.0,-18.0
1798002123.75,48.00443830324886,3.664467131542372,99.123,5.0,-18.0
1798002127.5,48.00443830324886,3.6645074104677944,99.107,8.0,-18.0
1798002131.25,48.00443830324886,3.6645476893932174,99.125,11.0,-18.0
1798002135.0,48.00443830324886,3.6645879683186404,99.105,14.0,-18.0
1798002138.75,48.00443830324886,3.6646282472440634,99.203,17.0,-18.0
1798002142.5,48.00443830324886,3.6646685261694865,99.205,20.0,-18.0
1798002146.25,48.00443830324886,3.664708805094909,99.262,23.0,-18.0
1798002150.0,48.00443830324886,3.664749084020332,99.358,26.0,-18.0
1798002153.75,48.00443830324886,3.664789362945755,99.383,29.0,-18.0
1798002157.5,48.00443830324886,3.664829641871178,99.481,32.0,-18.0
1798002161.25,48.00443830324886,3.664869920796601,99.628,35.0,-18.0
1798002165.0,48.00443830324886,3.6649101997220237,99.766,38.0,-18.0
1798002168.75,48.00443830324886,3.6649504786474467,99.765,41.0,-18.0
1798002172.5,48.00443830324886,3.6649907575728697,99.941,44.0,-18.0
1798002176.25,48.00443830324886,3.6650310364982928,100.09,47.0,-18.0
1798002180.0,48.00443830324886,3.665071315423716,100.167,50.0,-18.0
1798002183.75,48.00443830324886,3.6651115943491384,100.288,53.0,-18.0
1798002187.5,48.00443830324886,3.6651518732745614,100.441,56.0,-18.0
1798002191.25,48.00443830324886,3.6651921521999844,100.544,59.0,-18.0
1798002195.0,48.00443830324886,3.6652324311254074,100.647,62.0,-18.0
1798002198.75,48.00443830324886,3.6652727100508304,100.705,65.0,-18.0
1798002202.5,48.00443830324886,3.665312988976253,100.852,68.0,-18.0
1798002206.25,48.00443830324886,3.665353267901676,100.969,71.0,-18.0
1798002210.0,48.00443830324886,3.665393546827099,101.031,74.0,-18.0
1798002213.75,48.00443830324886,3.665433825752522,101.12,77.0,-18.0
1798002217.5,48.00443830324886,3.665474104677945,101.188,80.0,-18.0
1798002221.25,48.00443830324886,3.6655143836033677,101.273,83.0,-18.0
1798002225.0,48.00443830324886,3.6655546625287907,101.316,86.0,-18.0
1798002228.75,48.00443830324886,3.6655949414542137,101.406,89.0,-18.0
1798002232.5,48.00443830324886,3.6656352203796367,101.447,92.0,-18.0
1798002236.25,48.00443830324886,3.6656754993050598,101.49,95.0,-18.0
1798002240.0,48.00443830324886,3.6657157782304823,101.475,98.0,-18.0
1798002243.75,48.00443830324886,3.6657560571559054,101.473,101.0,-18.0
1798002247.5,48.00443830324886,3.6657963360813284,101.562,104.0,-18.0
1798002251.25,48.00443830324886,3.6658366150067514,101.522,107.0,-18.0
1798002255.0,48.00443830324886,3.6658768939321744,101.575,110.0,-18.0
1798002258.75,48.00443830324886,3.665917172857597,101.565,113.0,-18.0
1798002262.5,48.00443830324886,3.66595745178302,101.541,116.0,-18.0
1798002266.25,48.00443830324886,3.665997730708443,101.468,119.0,-18.0
1798002270.0,48.00443830324886,3.666038009633866,101.519,122.0,-18.0
1798002273.75,48.00443830324886,3.666078288559289,101.494,125.0,-18.0
1798002277.5,48.00443830324886,3.6661185674847117,101.521,128.0,-18.0
1798002281.25,48.00443830324886,3.6661588464101347,101.454,131.0,-18.0
1798002285.0,48.00443830324886,3.6661991253355577,101.396,134.0,-18.0
1798002288.75,48.00443830324886,3.6662394042609807,101.324,137.0,-18.0
1798002292.5,48.00443830324886,3.6662796831864037,101.376,140.0,-18.0
1798002296.25,48.00443830324886,3.6663199621118263,101.275,143.0,-18.0
1798002300.0,48.00443830324886,3.6663602410372493,101.255,146.0,-18.0
1798002303.75,48.00443830324886,3.6664005199626724,101.249,149.0,-18.0
1798002307.5,48.00443830324886,3.6664407988880954,101.201,152.0,-18.0
1798002311.25,48.00443830324886,3.6664810778135184,101.201,155.0,-18.0
1798002315.0,48.00443830324886,3.666521356738941,101.136,158.0,-18.0
1798002318.75,48.00443830324886,3.666561635664364,101.142,161.0,-18.0
1798002322.5,48.00443830324886,3.666601914589787,101.104,164.0,-18.0
1798002326.25,48.00443830324886,3.66664219351521,101.022,167.0,-18.0
1798002330.0,48.00443830324886,3.666682472440633,100.995,170.0,-18.0
1798002333.75,48.00443830324886,3.6667227513660556,101.015,173.0,-18.0
1798002337.5,48.00443830324886,3.6667630302914787,101.012,176.0,-18.0
1798002347.917,48.00451316285587,3.6667630302914787,101.181,176.0,-9.667
1798002358.333,48.00458802246288,3.6667630302914787,101.256,176.0,-1.333
1798002368.75,48.004662882069894,3.6667630302914787,101.389,176.0,7.0
1798002372.5,48.004662882069894,3.6667227513660556,101.517,173.0,7.0
1798002376.25,48.004662882069894,3.666682472440633,101.55,170.0,7.0
1798002380.0,48.004662882069894,3.66664219351521,101.652,167.0,7.0
1798002383.75,48.004662882069894,3.666601914589787,101.678,164.0,7.0
1798002387.5,48.004662882069894,3.666561635664364,101.832,161.0,7.0
1798002391.25,48.004662882069894,3.666521356738941,101.866,158.0,7.0
1798002395.0,48.004662882069894,3.6664810778135184,101.994,155.0,7.0
1798002398.75,48.004662882069894,3.6664407988880954,102.072,152.0,7.0
1798002402.5,48.004662882069894,3.6664005199626724,102.183,149.0,7.0
1798002406.25,48.004662882069894,3.6663602410372493,102.349,146.0,7.0
1798002410.0,48.004662882069894,3.6663199621118263,102.409,143.0,7.0
1798002413.75,48.004662882069894,3.6662796831864037,102.584,140.0,7.0
1798002417.5,48.004662882069894,3.6662394042609807,102.7,137.0,7.0
1798002421.25,48.004662882069894,3.6661991253355577,102.8,134.0,7.0
1798002425.0,48.004662882069894,3.6661588464101347,102.889,131.0,7.0
1798002428.75,48.004662882069894,3.6661185674847117,102.957,128.0,7.0
1798002432.5,48.004662882069894,3.666078288559289,103.075,125.0,7.0
1798002436.25,48.004662882069894,3.666038009633866,103.284,122.0,7.0
1798002440.0,48.004662882069894,3.665997730708443,103.338,119.0,7.0
1798002443.75,48.004662882069894,3.66595745178302,103.484,116.0,7.0
1798002447.5,48.004662882069894,3.665917172857597,103.59,113.0,7.0
1798002451.25,48.004662882069894,3.6658768939321744,103.734,110.0,7.0
1798002455.0,48.004662882069894,3.6658366150067514,103.787,107.0,7.0
1798002458.75,48.004662882069894,3.6657963360813284,103.932,104.0,7.0
1798002462.5,48.004662882069894,3.6657560571559054,104.043,101.0,7.0
1798002466.25,48.004662882069894,3.6657157782304823,104.118,98.0,7.0
1798002470.0,48.004662882069894,3.6656754993050598,104.129,95.0,7.0
1798002473.75,48.004662882069894,3.6656352203796367,104.162,92.0,7.0
1798002477.5,48.004662882069894,3.6655949414542137,104.218,89.0,7.0
1798002481.25,48.004662882069894,3.6655546625287907,104.31,86.0,7.0
1798002485.0,48.004662882069894,3.6655143836033677,104.23,83.0,7.0
1798002488.75,48.004662882069894,3.665474104677945,104.231,80.0,7.0
1798002492.5,48.004662882069894,3.665433825752522,104.239,77.0,7.0
1798002496.25,48.004662882069894,3.665393546827099,104.334,74.0,7.0
1798002500.0,48.004662882069894,3.665353267901676,104.232,71.0,7.0
1798002503.75,48.004662882069894,3.665312988976253,104.157,68.0,7.0
1798002507.5,48.004662882069894,3.6652727100508304,104.1,65.0,7.0
1798002511.25,48.004662882069894,3.6652324311254074,104.077,62.0,7.0
1798002515.0,48.004662882069894,3.6651921521999844,103.937,59.0,7.0
1798002518.75,48.004662882069894,3.6651518732745614,103.839,56.0,7.0
1798002522.5,48.004662882069894,3.6651115943491384,103.758,53.0,7.0
1798002526.25,48.004662882069894,3.665071315423716,103.659,50.0,7.0
1798002530.0,48.004662882069894,3.6650310364982928,103.542,47.0,7.0
1798002533.75,48.004662882069894,3.6649907575728697,103.475,44.0,7.0
1798002537.5,48.004662882069894,3.6649504786474467,103.382,41.0,7.0
1798002541.25,48.004662882069894,3.6649101997220237,103.211,38.0,7.0
1798002545.0,48.004662882069894,3.664869920796601,103.046,35.0,7.0
1798002548.75,48.004662882069894,3.664829641871178,102.905,32.0,7.0
1798002552.5,48.004662882069894,3.664789362945755,102.841,29.0,7.0
1798002556.25,48.004662882069894,3.664749084020332,102.705,26.0,7.0
1798002560.0,48.004662882069894,3.664708805094909,102.587,23.0,7.0
1798002563.75,48.004662882069894,3.6646685261694865,102.529,20.0,7.0
1798002567.5,48.004662882069894,3.6646282472440634,102.366,17.0,7.0
1798002571.25,48.004662882069894,3.6645879683186404,102.323,14.0,7.0
1798002575.0,48.004662882069894,3.6645476893932174,102.221,11.0,7.0
1798002578.75,48.004662882069894,3.6645074104677944,102.204,8.0,7.0
1798002582.5,48.004662882069894,3.664467131542372,102.152,5.0,7.0
1798002586.25,48.004662882069894,3.664426852616949,102.167,2.0,7.0
1798002590.0,48.004662882069894,3.6643865736915258,102.154,-1.0,7.0
1798002593.75,48.004662882069894,3.6643462947661027,102.166,-4.0,7.0
1798002597.5,48.004662882069894,3.6643060158406797,102.166,-7.0,7.0
1798002601.25,48.004662882069894,3.664265736915257,102.153,-10.0,7.0
1798002605.0,48.004662882069894,3.664225457989834,102.224,-13.0,7.0
1798002608.75,48.004662882069894,3.664185179064411,102.262,-16.0,7.0
1798002612.5,48.004662882069894,3.664144900138988,102.39,-19.0,7.0
1798002616.25,48.004662882069894,3.664104621213565,102.385,-22.0,7.0
1798002620.0,48.004662882069894,3.6640643422881425,102.607,-25.0,7.0
1798002623.75,48.004662882069894,3.6640240633627195,102.674,-28.0,7.0
1798002627.5,48.004662882069894,3.6639837844372964,102.769,-31.0,7.0
1798002631.25,48.004662882069894,3.6639435055118734,102.901,-34.0,7.0
1798002635.0,48.004662882069894,3.6639032265864504,102.969,-37.0,7.0
1798002638.75,48.004662882069894,3.663862947661028,103.182,-40.0,7.0
1798002642.5,48.004662882069894,3.663822668735605,103.243,-43.0,7.0
1798002646.25,48.004662882069894,3.663782389810182,103.428,-46.0,7.0
1798002650.0,48.004662882069894,3.6637421108847588,103.553,-49.0,7.0
1798002653.75,48.004662882069894,3.6637018319593357,103.664,-52.0,7.0
1798002657.5,48.004662882069894,3.663661553033913,103.759,-55.0,7.0
1798002661.25,48.004662882069894,3.66362127410849,103.928,-58.0,7.0
1798002665.0,48.004662882069894,3.663580995183067,103.978,-61.0,7.0
1798002668.75,48.004662882069894,3.663540716257644,104.097,-64.0,7.0
1798002672.5,48.004662882069894,3.663500437332221,104.195,-67.0,7.0
1798002676.25,48.004662882069894,3.6634601584067985,104.25,-70.0,7.0
1798002680.0,48.004662882069894,3.6634198794813755,104.325,-73.0,7.0
1798002683.75,48.004662882069894,3.6633796005559525,104.333,-76.0,7.0
1798002687.5,48.004662882069894,3.6633393216305294,104.376,-79.0,7.0
1798002691.25,48.004662882069894,3.6632990427051064,104.356,-82.0,7.0
1798002695.0,48.004662882069894,3.663258763779684,104.298,-85.0,7.0
1798002698.75,48.004662882069894,3.663218484854261,104.252,-88.0,7.0
1798002702.5,48.004662882069894,3.663178205928838,104.306,-91.0,7.0
1798002706.25,48.004662882069894,3.663137927003415,104.211,-94.0,7.0
1798002710.0,48.004662882069894,3.6630976480779918,104.043,-97.0,7.0
1798002713.75,48.004662882069894,3.663057369152569,104.015,-100.0,7.0
1798002717.5,48.004662882069894,3.663017090227146,103.891,-103.0,7.0
1798002721.25,48.004662882069894,3.662976811301723,103.742,-106.0,7.0
1798002725.0,48.004662882069894,3.6629365323763,103.652,-109.0,7.0
1798002728.75,48.004662882069894,3.662896253450877,103.521,-112.0,7.0
1798002732.5,48.004662882069894,3.6628559745254545,103.344,-115.0,7.0
1798002736.25,48.004662882069894,3.6628156956000315,103.185,-118.0,7.0
1798002740.0,48.004662882069894,3.6627754166746085,102.94,-121.0,7.0
1798002743.75,48.004662882069894,3.6627351377491855,102.804,-124.0,7.0
1798002747.5,48.004662882069894,3.6626948588237624,102.602,-127.0,7.0
1798002751.25,48.004662882069894,3.66265457989834,102.401,-130.0,7.0
1798002755.0,48.004662882069894,3.662614300972917,102.258,-133.0,7.0
1798002758.75,48.004662882069894,3.662574022047494,102.097,-136.0,7.0
1798002762.5,48.004662882069894,3.662533743122071,101.818,-139.0,7.0
1798002766.25,48.004662882069894,3.662493464196648,101.787,-142.0,7.0
1798002770.0,48.004662882069894,3.662453185271225,101.505,-145.0,7.0
1798002773.75,48.004662882069894,3.662412906345802,101.366,-148.0,7.0
1798002777.5,48.004662882069894,3.662372627420379,101.214,-151.0,7.0
1798002781.25,48.004662882069894,3.662332348494956,100.996,-154.0,7.0
1798002785.0,48.004662882069894,3.662292069569533,100.847,-157.0,7.0
1798002788.75,48.004662882069894,3.6622517906441105,100.763,-160.0,7.0
1798002792.5,48.004662882069894,3.6622115117186875,100.605,-163.0,7.0
1798002796.25,48.004662882069894,3.6621712327932645,100.511,-166.0,7.0
1798002800.0,48.004662882069894,3.6621309538678415,100.349,-169.0,7.0
1798002803.75,48.004662882069894,3.6620906749424185,100.235,-172.0,7.0
1798002807.5,48.004662882069894,3.662050396016996,100.187,-175.0,7.0
1798002811.25,48.004662882069894,3.662010117091573,100.0,-178.0,7.0
1798002821.667,48.004737741676905,3.662010117091573,100.008,-178.0,15.333
1798002832.083,48.00481260128391,3.662010117091573,100.053,-178.0,23.667
1798002842.5,48.00488746089092,3.662010117091573,100.019,-178.0,32.0
1798002846.25,48.00488746089092,3.662050396016996,100.069,-175.0,32.0
1798002850.0,48.00488746089092,3.6620906749424185,100.21,-172.0,32.0
1798002853.75,48.00488746089092,3.6621309538678415,100.306,-169.0,32.0
1798002857.5,48.00488746089092,3.6621712327932645,100.439,-166.0,32.0
1798002861.25,48.00488746089092,3.6622115117186875,100.539,-163.0,32.0
1798002865.0,48.00488746089092,3.6622517906441105,100.697,-160.0,32.0
1798002868.75,48.00488746089092,3.662292069569533,100.81,-157.0,32.0
1798002872.5,48.00488746089092,3.662332348494956,100.966,-154.0,32.0
1798002876.25,48.00488746089092,3.662372627420379,101.095,-151.0,32.0
1798002880.0,48.00488746089092,3.662412906345802,101.224,-148.0,32.0
1798002883.75,48.00488746089092,3.662453185271225,101.399,-145.0,32.0
1798002887.5,48.00488746089092,3.662493464196648,101.523,-142.0,32.0
1798002891.25,48.00488746089092,3.662533743122071,101.705,-139.0,32.0
1798002895.0,48.00488746089092,3.662574022047494,101.868,-136.0,32.0
1798002898.75,48.00488746089092,3.662614300972917,102.055,-133.0,32.0
1798002902.5,48.00488746089092,3.66265457989834,102.186,-130.0,32.0
1798002906.25,48.00488746089092,3.6626948588237624,102.349,-127.0,32.0
1798002910.0,48.00488746089092,3.6627351377491855,102.573,-124.0,32.0
1798002913.75,48.00488746089092,3.6627754166746085,102.656,-121.0,32.0
1798002917.5,48.00488746089092,3.6628156956000315,102.923,-118.0,32.0
1798002921.25,48.00488746089092,3.6628559745254545,103.065,-115.0,32.0
1798002925.0,48.00488746089092,3.662896253450877,103.195,-112.0,32.0
1798002928.75,48.00488746089092,3.6629365323763,103.345,-109.0,32.0
1798002932.5,48.00488746089092,3.662976811301723,103.484,-106.0,32.0
1798002936.25,48.00488746089092,3.663017090227146,103.6,-103.0,32.0
1798002940.0,48.00488746089092,3.663057369152569,103.711,-100.0,32.0
1798002943.75,48.00488746089092,3.6630976480779918,103.823,-97.0,32.0
1798002947.5,48.00488746089092,3.663137927003415,103.934,-94.0,32.0
1798002951.25,48.00488746089092,3.663178205928838,103.976,-91.0,32.0
1798002955.0,48.00488746089092,3.663218484854261,104.047,-88.0,32.0
1798002958.75,48.00488746089092,3.663258763779684,104.128,-85.0,32.0
1798002962.5,48.00488746089092,3.6632990427051064,104.112,-82.0,32.0
1798002966.25,48.00488746089092,3.6633393216305294,104.173,-79.0,32.0
1798002970.0,48.00488746089092,3.6633796005559525,104.221,-76.0,32.0
1798002973.75,48.00488746089092,3.6634198794813755,104.155,-73.0,32.0
1798002977.5,48.00488746089092,3.6634601584067985,104.18,-70.0,32.0
1798002981.25,48.00488746089092,3.663500437332221,104.151,-67.0,32.0
1798002985.0,48.00488746089092,3.663540716257644,104.137,-64.0,32.0
1798002988.75,48.00488746089092,3.663580995183067,104.03,-61.0,32.0
1798002992.5,48.00488746089092,3.66362127410849,104.019,-58.0,32.0
1798002996.25,48.00488746089092,3.663661553033913,103.965,-55.0,32.0
1798003000.0,48.00488746089092,3.6637018319593357,103.845,-52.0,32.0
1798003003.75,48.00488746089092,3.6637421108847588,103.816,-49.0,32.0
1798003007.5,48.00488746089092,3.663782389810182,103.749,-46.0,32.0
1798003011.25,48.00488746089092,3.663822668735605,103.653,-43.0,32.0
1798003015.0,48.00488746089092,3.663862947661028,103.592,-40.0,32.0
1798003018.75,48.00488746089092,3.6639032265864504,103.526,-37.0,32.0
1798003022.5,48.00488746089092,3.6639435055118734,103.497,-34.0,32.0
1798003026.25,48.00488746089092,3.6639837844372964,103.388,-31.0,32.0
1798003030.0,48.00488746089092,3.6640240633627195,103.408,-28.0,32.0
1798003033.75,48.00488746089092,3.6640643422881425,103.369,-25.0,32.0
1798003037.5,48.00488746089092,3.664104621213565,103.312,-22.0,32.0
1798003041.25,48.00488746089092,3.664144900138988,103.359,-19.0,32.0
1798003045.0,48.00488746089092,3.664185179064411,103.301,-16.0,32.0
1798003048.75,48.00488746089092,3.664225457989834,103.356,-13.0,32.0
1798003052.5,48.00488746089092,3.664265736915257,103.334,-10.0,32.0
1798003056.25,48.00488746089092,3.6643060158406797,103.372,-7.0,32.0
1798003060.0,48.00488746089092,3.6643462947661027,103.428,-4.0,32.0
1798003063.75,48.00488746089092,3.6643865736915258,103.53,-1.0,32.0
1798003067.5,48.00488746089092,3.664426852616949,103.57,2.0,32.0
1798003071.25,48.00488746089092,3.664467131542372,103.661,5.0,32.0
1798003075.0,48.00488746089092,3.6645074104677944,103.742,8.0,32.0
1798003078.75,48.00488746089092,3.6645476893932174,103.857,11.0,32.0
1798003082.5,48.00488746089092,3.6645879683186404,103.949,14.0,32.0
1798003086.25,48.00488746089092,3.6646282472440634,104.12,17.0,32.0
1798003090.0,48.00488746089092,3.6646685261694865,104.235,20.0,32.0
1798003093.75,48.00488746089092,3.664708805094909,104.434,23.0,32.0
1798003097.5,48.00488746089092,3.664749084020332,104.521,26.0,32.0
1798003101.25,48.00488746089092,3.664789362945755,104.718,29.0,32.0
1798003105.0,48.00488746089092,3.664829641871178,104.877,32.0,32.0
1798003108.75,48.00488746089092,3.664869920796601,104.979,35.0,32.0
1798003112.5,48.00488746089092,3.6649101997220237,105.156,38.0,32.0
1798003116.25,48.00488746089092,3.6649504786474467,105.267,41.0,32.0
1798003120.0,48.00488746089092,3.6649907575728697,105.389,44.0,32.0
1798003123.75,48.00488746089092,3.6650310364982928,105.525,47.0,32.0
1798003127.5,48.00488746089092,3.665071315423716,105.641,50.0,32.0
1798003131.25,48.00488746089092,3.6651115943491384,105.779,53.0,32.0
1798003135.0,48.00488746089092,3.6651518732745614,105.875,56.0,32.0
1798003138.75,48.00488746089092,3.6651921521999844,105.908,59.0,32.0
1798003142.5,48.00488746089092,3.6652324311254074,105.989,62.0,32.0
1798003146.25,48.00488746089092,3.6652727100508304,106.079,65.0,32.0
1798003150.0,48.00488746089092,3.665312988976253,106.094,68.0,32.0
1798003153.75,48.00488746089092,3.665353267901676,106.099,71.0,32.0
1798003157.5,48.00488746089092,3.665393546827099,106.057,74.0,32.0
1798003161.25,48.00488746089092,3.665433825752522,106.128,77.0,32.0
1798003165.0,48.00488746089092,3.665474104677945,106.03,80.0,32.0
1798003168.75,48.00488746089092,3.6655143836033677,106.021,83.0,32.0
1798003172.5,48.00488746089092,3.6655546625287907,105.967,86.0,32.0
1798003176.25,48.00488746089092,3.6655949414542137,105.892,89.0,32.0
1798003180.0,48.00488746089092,3.6656352203796367,105.792,92.0,32.0
1798003183.75,48.00488746089092,3.6656754993050598,105.68,95.0,32.0
1798003187.5,48.00488746089092,3.6657157782304823,105.587,98.0,32.0
1798003191.25,48.00488746089092,3.6657560571559054,105.429,101.0,32.0
1798003195.0,48.00488746089092,3.6657963360813284,105.302,104.0,32.0
1798003198.75,48.00488746089092,3.6658366150067514,105.146,107.0,32.0
1798003202.5,48.00488746089092,3.6658768939321744,105.02,110.0,32.0
1798003206.25,48.00488746089092,3.665917172857597,104.82,113.0,32.0
1798003210.0,48.00488746089092,3.66595745178302,104.608,116.0,32.0
1798003213.75,48.00488746089092,3.665997730708443,104.461,119.0,32.0
1798003217.5,48.00488746089092,3.666038009633866,104.31,122.0,32.0
1798003221.25,48.00488746089092,3.666078288559289,104.086,125.0,32.0
1798003225.0,48.00488746089092,3.6661185674847117,104.004,128.0,32.0
1798003228.75,48.00488746089092,3.6661588464101347,103.77,131.0,32.0
1798003232.5,48.00488746089092,3.6661991253355577,103.568,134.0,32.0
1798003236.25,48.00488746089092,3.6662394042609807,103.453,137.0,32.0
1798003240.0,48.00488746089092,3.6662796831864037,103.273,140.0,32.0
1798003243.75,48.00488746089092,3.6663199621118263,103.053,143.0,32.0
1798003247.5,48.00488746089092,3.6663602410372493,102.89,146.0,32.0
1798003251.25,48.00488746089092,3.6664005199626724,102.775,149.0,32.0
1798003255.0,48.00488746089092,3.6664407988880954,102.599,152.0,32.0
1798003258.75,48.00488746089092,3.6664810778135184,102.433,155.0,32.0
1798003262.5,48.00488746089092,3.666521356738941,102.373,158.0,32.0
1798003266.25,48.00488746089092,3.666561635664364,102.211,161.0,32.0
1798003270.0,48.00488746089092,3.666601914589787,102.131,164.0,32.0
1798003273.75,48.00488746089092,3.66664219351521,101.996,167.0,32.0
1798003277.5,48.00488746089092,3.666682472440633,101.87,170.0,32.0
1798003281.25,48.00488746089092,3.6667227513660556,101.761,173.0,32.0
1798003285.0,48.00488746089092,3.6667630302914787,101.707,176.0,32.0
1798003295.417,48.00496232049793,3.6667630302914787,101.755,176.0,40.333
1798003305.833,48.00503718010494,3.6667630302914787,101.699,176.0,48.667
1798003316.25,48.00511203971195,3.6667630302914787,101.633,176.0,57.0
1798003320.0,48.00511203971195,3.6667227513660556,101.651,173.0,57.0
1798003323.75,48.00511203971195,3.666682472440633,101.789,170.0,57.0
1798003327.5,48.00511203971195,3.66664219351521,101.884,167.0,57.0
1798003331.25,48.00511203971195,3.666601914589787,101.998,164.0,57.0
1798003335.0,48.00511203971195,3.666561635664364,102.081,161.0,57.0
1798003338.75,48.00511203971195,3.666521356738941,102.161,158.0,57.0
1798003342.5,48.00511203971195,3.6664810778135184,102.315,155.0,57.0
1798003346.25,48.00511203971195,3.6664407988880954,102.485,152.0,57.0
1798003350.0,48.00511203971195,3.6664005199626724,102.533,149.0,57.0
1798003353.75,48.00511203971195,3.6663602410372493,102.671,146.0,57.0
1798003357.5,48.00511203971195,3.6663199621118263,102.783,143.0,57.0
1798003361.25,48.00511203971195,3.6662796831864037,102.988,140.0,57.0
1798003365.0,48.00511203971195,3.6662394042609807,103.112,137.0,57.0
1798003368.75,48.00511203971195,3.6661991253355577,103.245,134.0,57.0
1798003372.5,48.00511203971195,3.6661588464101347,103.458,131.0,57.0
1798003376.25,48.00511203971195,3.6661185674847117,103.561,128.0,57.0
1798003380.0,48.00511203971195,3.666078288559289,103.694,125.0,57.0
1798003383.75,48.00511203971195,3.666038009633866,103.911,122.0,57.0
1798003387.5,48.00511203971195,3.665997730708443,104.018,119.0,57.0
1798003391.25,48.00511203971195,3.66595745178302,104.161,116.0,57.0
1798003395.0,48.00511203971195,3.665917172857597,104.389,113.0,57.0
1798003398.75,48.00511203971195,3.6658768939321744,104.409,110.0,57.0
1798003402.5,48.00511203971195,3.6658366150067514,104.58,107.0,57.0
1798003406.25,48.00511203971195,3.6657963360813284,104.765,104.0,57.0
1798003410.0,48.00511203971195,3.6657560571559054,104.95,101.0,57.0
1798003413.75,48.00511203971195,3.6657157782304823,104.996,98.0,57.0
1798003417.5,48.00511203971195,3.6656754993050598,105.129,95.0,57.0
1798003421.25,48.00511203971195,3.6656352203796367,105.193,92.0,57.0
1798003425.0,48.00511203971195,3.6655949414542137,105.254,89.0,57.0
1798003428.75,48.00511203971195,3.6655546625287907,105.286,86.0,57.0
1798003432.5,48.00511203971195,3.6655143836033677,105.442,83.0,57.0
1798003436.25,48.00511203971195,3.665474104677945,105.495,80.0,57.0
1798003440.0,48.00511203971195,3.665433825752522,105.5,77.0,57.0
1798003443.75,48.00511203971195,3.665393546827099,105.523,74.0,57.0
1798003447.5,48.00511203971195,3.665353267901676,105.563,71.0,57.0
1798003451.25,48.00511203971195,3.665312988976253,105.489,68.0,57.0
1798003455.0,48.00511203971195,3.6652727100508304,105.508,65.0,57.0
1798003458.75,48.00511203971195,3.6652324311254074,105.456,62.0,57.0
1798003462.5,48.00511203971195,3.6651921521999844,105.348,59.0,57.0
1798003466.25,48.00511203971195,3.6651518732745614,105.287,56.0,57.0
1798003470.0,48.00511203971195,3.6651115943491384,105.297,53.0,57.0
1798003473.75,48.00511203971195,3.665071315423716,105.166,50.0,57.0
1798003477.5,48.00511203971195,3.6650310364982928,105.049,47.0,57.0
1798003481.25,48.00511203971195,3.6649907575728697,104.946,44.0,57.0
1798003485.0,48.00511203971195,3.6649504786474467,104.78,41.0,57.0
1798003488.75,48.00511203971195,3.6649101997220237,104.76,38.0,57.0
1798003492.5,48.00511203971195,3.664869920796601,104.604,35.0,57.0
1798003496.25,48.00511203971195,3.664829641871178,104.386,32.0,57.0
1798003500.0,48.00511203971195,3.664789362945755,104.32,29.0,57.0
1798003503.75,48.00511203971195,3.664749084020332,104.117,26.0,57.0
1798003507.5,48.00511203971195,3.664708805094909,104.061,23.0,57.0
1798003511.25,48.00511203971195,3.6646685261694865,103.895,20.0,57.0
1798003515.0,48.00511203971195,3.6646282472440634,103.712,17.0,57.0
1798003518.75,48.00511203971195,3.6645879683186404,103.586,14.0,57.0
1798003522.5,48.00511203971195,3.6645476893932174,103.506,11.0,57.0
1798003526.25,48.00511203971195,3.6645074104677944,103.362,8.0,57.0
1798003530.0,48.00511203971195,3.664467131542372,103.337,5.0,57.0
1798003533.75,48.00511203971195,3.664426852616949,103.163,2.0,57.0
1798003537.5,48.00511203971195,3.6643865736915258,103.042,-1.0,57.0
1798003541.25,48.00511203971195,3.6643462947661027,103.001,-4.0,57.0
1798003545.0,48.00511203971195,3.6643060158406797,102.944,-7.0,57.0
1798003548.75,48.00511203971195,3.664265736915257,102.839,-10.0,57.0
1798003552.5,48.00511203971195,3.664225457989834,102.8,-13.0,57.0
1798003556.25,48.00511203971195,3.664185179064411,102.728,-16.0,57.0
1798003560.0,48.00511203971195,3.664144900138988,102.667,-19.0,57.0
1798003563.75,48.00511203971195,3.664104621213565,102.665,-22.0,57.0
1798003567.5,48.00511203971195,3.6640643422881425,102.691,-25.0,57.0
1798003571.25,48.00511203971195,3.6640240633627195,102.655,-28.0,57.0
1798003575.0,48.00511203971195,3.6639837844372964,102.665,-31.0,57.0
1798003578.75,48.00511203971195,3.6639435055118734,102.642,-34.0,57.0
1798003582.5,48.00511203971195,3.6639032265864504,102.668,-37.0,57.0
1798003586.25,48.00511203971195,3.663862947661028,102.696,-40.0,57.0
1798003590.0,48.00511203971195,3.663822668735605,102.74,-43.0,57.0
1798003593.75,48.00511203971195,3.663782389810182,102.728,-46.0,57.0
1798003597.5,48.00511203971195,3.6637421108847588,102.679,-49.0,57.0
1798003601.25,48.00511203971195,3.6637018319593357,102.733,-52.0,57.0
1798003605.0,48.00511203971195,3.663661553033913,102.793,-55.0,57.0
1798003608.75,48.00511203971195,3.66362127410849,102.818,-58.0,57.0
1798003612.5,48.00511203971195,3.663580995183067,102.773,-61.0,57.0
1798003616.25,48.00511203971195,3.663540716257644,102.805,-64.0,57.0
1798003620.0,48.00511203971195,3.663500437332221,102.786,-67.0,57.0
1798003623.75,48.00511203971195,3.6634601584067985,102.808,-70.0,57.0
1798003627.5,48.00511203971195,3.6634198794813755,102.82,-73.0,57.0
1798003631.25,48.00511203971195,3.6633796005559525,102.815,-76.0,57.0
1798003635.0,48.00511203971195,3.6633393216305294,102.808,-79.0,57.0
1798003638.75,48.00511203971195,3.6632990427051064,102.75,-82.0,57.0
1798003642.5,48.00511203971195,3.663258763779684,102.753,-85.0,57.0
1798003646.25,48.00511203971195,3.663218484854261,102.732,-88.0,57.0
1798003650.0,48.00511203971195,3.663178205928838,102.662,-91.0,57.0
1798003653.75,48.00511203971195,3.663137927003415,102.6,-94.0,57.0
1798003657.5,48.00511203971195,3.6630976480779918,102.487,-97.0,57.0
1798003661.25,48.00511203971195,3.663057369152569,102.378,-100.0,57.0
1798003665.0,48.00511203971195,3.663017090227146,102.308,-103.0,57.0
1798003668.75,48.00511203971195,3.662976811301723,102.218,-106.0,57.0
1798003672.5,48.00511203971195,3.6629365323763,102.079,-109.0,57.0
1798003676.25,48.00511203971195,3.662896253450877,102.011,-112.0,57.0
1798003680.0,48.00511203971195,3.6628559745254545,101.981,-115.0,57.0
1798003683.75,48.00511203971195,3.6628156956000315,101.856,-118.0,57.0
1798003687.5,48.00511203971195,3.6627754166746085,101.697,-121.0,57.0
1798003691.25,48.00511203971195,3.6627351377491855,101.636,-124.0,57.0
1798003695.0,48.00511203971195,3.6626948588237624,101.476,-127.0,57.0
1798003698.75,48.00511203971195,3.66265457989834,101.415,-130.0,57.0
1798003702.5,48.00511203971195,3.662614300972917,101.238,-133.0,57.0
1798003706.25,48.00511203971195,3.662574022047494,101.122,-136.0,57.0
1798003710.0,48.00511203971195,3.662533743122071,101.006,-139.0,57.0
1798003713.75,48.00511203971195,3.662493464196648,100.884,-142.0,57.0
1798003717.5,48.00511203971195,3.662453185271225,100.827,-145.0,57.0
1798003721.25,48.00511203971195,3.662412906345802,100.625,-148.0,57.0
1798003725.0,48.00511203971195,3.662372627420379,100.557,-151.0,57.0
1798003728.75,48.00511203971195,3.662332348494956,100.476,-154.0,57.0
1798003732.5,48.00511203971195,3.662292069569533,100.402,-157.0,57.0
1798003736.25,48.00511203971195,3.6622517906441105,100.287,-160.0,57.0
1798003740.0,48.00511203971195,3.6622115117186875,100.184,-163.0,57.0
1798003743.75,48.00511203971195,3.6621712327932645,100.027,-166.0,57.0
1798003747.5,48.00511203971195,3.6621309538678415,100.008,-169.0,57.0
1798003751.25,48.00511203971195,3.6620906749424185,99.978,-172.0,57.0
1798003755.0,48.00511203971195,3.662050396016996,99.857,-175.0,57.0
1798003758.75,48.00511203971195,3.662010117091573,99.819,-178.0,57.0
1798003769.167,48.005186899318964,3.662010117091573,99.807,-178.0,65.333
1798003779.583,48.00526175892597,3.662010117091573,99.671,-178.0,73.667
1798003790.0,48.00533661853298,3.662010117091573,99.693,-178.0,82.0
1798003793.75,48.00533661853298,3.662050396016996,99.719,-175.0,82.0
1798003797.5,48.00533661853298,3.6620906749424185,99.733,-172.0,82.0
1798003801.25,48.00533661853298,3.6621309538678415,99.803,-169.0,82.0
1798003805.0,48.00533661853298,3.6621712327932645,99.898,-166.0,82.0
1798003808.75,48.00533661853298,3.6622115117186875,99.864,-163.0,82.0
1798003812.5,48.00533661853298,3.6622517906441105,99.899,-160.0,82.0
1798003816.25,48.00533661853298,3.662292069569533,99.964,-157.0,82.0
1798003820.0,48.00533661853298,3.662332348494956,99.961,-154.0,82.0
1798003823.75,48.00533661853298,3.662372627420379,100.088,-151.0,82.0
1798003827.5,48.00533661853298,3.662412906345802,100.155,-148.0,82.0
1798003831.25,48.00533661853298,3.662453185271225,100.149,-145.0,82.0
1798003835.0,48.00533661853298,3.662493464196648,100.246,-142.0,82.0
1798003838.75,48.00533661853298,3.662533743122071,100.302,-139.0,82.0
1798003842.5,48.00533661853298,3.662574022047494,100.365,-136.0,82.0
1798003846.25,48.00533661853298,3.662614300972917,100.41,-133.0,82.0
1798003850.0,48.00533661853298,3.66265457989834,100.481,-130.0,82.0
1798003853.75,48.00533661853298,3.6626948588237624,100.586,-127.0,82.0
1798003857.5,48.00533661853298,3.6627351377491855,100.609,-124.0,82.0
1798003861.25,48.00533661853298,3.6627754166746085,100.679,-121.0,82.0
1798003865.0,48.00533661853298,3.6628156956000315,100.752,-118.0,82.0
1798003868.75,48.00533661853298,3.6628559745254545,100.829,-115.0,82.0
1798003872.5,48.00533661853298,3.662896253450877,100.872,-112.0,82.0
1798003876.25,48.00533661853298,3.6629365323763,100.959,-109.0,82.0
1798003880.0,48.00533661853298,3.662976811301723,100.988,-106.0,82.0
1798003883.75,48.00533661853298,3.663017090227146,101.043,-103.0,82.0
1798003887.5,48.00533661853298,3.663057369152569,101.047,-100.0,82.0
1798003891.25,48.00533661853298,3.6630976480779918,101.133,-97.0,82.0
1798003895.0,48.00533661853298,3.663137927003415,101.127,-94.0,82.0
1798003898.75,48.00533661853298,3.663178205928838,101.214,-91.0,82.0
1798003902.5,48.00533661853298,3.663218484854261,101.207,-88.0,82.0
1798003906.25,48.00533661853298,3.663258763779684,101.274,-85.0,82.0
1798003910.0,48.00533661853298,3.6632990427051064,101.258,-82.0,82.0
1798003913.75,48.00533661853298,3.6633393216305294,101.315,-79.0,82.0
1798003917.5,48.00533661853298,3.6633796005559525,101.295,-76.0,82.0
1798003921.25,48.00533661853298,3.6634198794813755,101.366,-73.0,82.0
1798003925.0,48.00533661853298,3.6634601584067985,101.313,-70.0,82.0
1798003928.75,48.00533661853298,3.663500437332221,101.401,-67.0,82.0
1798003932.5,48.00533661853298,3.663540716257644,101.389,-64.0,82.0
1798003936.25,48.00533661853298,3.663580995183067,101.458,-61.0,82.0
1798003940.0,48.00533661853298,3.66362127410849,101.448,-58.0,82.0
1798003943.75,48.00533661853298,3.663661553033913,101.357,-55.0,82.0
1798003947.5,48.00533661853298,3.6637018319593357,101.467,-52.0,82.0
1798003951.25,48.00533661853298,3.6637421108847588,101.414,-49.0,82.0
1798003955.0,48.00533661853298,3.663782389810182,101.404,-46.0,82.0
1798003958.75,48.00533661853298,3.663822668735605,101.353,-43.0,82.0
1798003962.5,48.00533661853298,3.663862947661028,101.369,-40.0,82.0
1798003966.25,48.00533661853298,3.6639032265864504,101.435,-37.0,82.0
1798003970.0,48.00533661853298,3.6639435055118734,101.412,-34.0,82.0
1798003973.75,48.00533661853298,3.6639837844372964,101.443,-31.0,82.0
1798003977.5,48.00533661853298,3.6640240633627195,101.465,-28.0,82.0
1798003981.25,48.00533661853298,3.6640643422881425,101.446,-25.0,82.0
1798003985.0,48.00533661853298,3.664104621213565,101.537,-22.0,82.0
1798003988.75,48.00533661853298,3.664144900138988,101.489,-19.0,82.0
1798003992.5,48.00533661853298,3.664185179064411,101.6,-16.0,82.0
1798003996.25,48.00533661853298,3.664225457989834,101.644,-13.0,82.0
1798004000.0,48.00533661853298,3.664265736915257,101.735,-10.0,82.0
1798004003.75,48.00533661853298,3.6643060158406797,101.715,-7.0,82.0
1798004007.5,48.00533661853298,3.6643462947661027,101.775,-4.0,82.0
1798004011.25,48.00533661853298,3.6643865736915258,101.801,-1.0,82.0
1798004015.0,48.00533661853298,3.664426852616949,101.883,2.0,82.0
1798004018.75,48.00533661853298,3.664467131542372,101.994,5.0,82.0
1798004022.5,48.00533661853298,3.6645074104677944,102.087,8.0,82.0
1798004026.25,48.00533661853298,3.6645476893932174,102.15,11.0,82.0
1798004030.0,48.00533661853298,3.6645879683186404,102.276,14.0,82.0
1798004033.75,48.00533661853298,3.6646282472440634,102.326,17.0,82.0
1798004037.5,48.00533661853298,3.6646685261694865,102.369,20.0,82.0
1798004041.25,48.00533661853298,3.664708805094909,102.485,23.0,82.0
1798004045.0,48.00533661853298,3.664749084020332,102.575,26.0,82.0
1798004048.75,48.00533661853298,3.664789362945755,102.643,29.0,82.0
1798004052.5,48.00533661853298,3.664829641871178,102.714,32.0,82.0
1798004056.25,48.00533661853298,3.664869920796601,102.86,35.0,82.0
1798004060.0,48.00533661853298,3.6649101997220237,102.967,38.0,82.0
1798004063.75,48.00533661853298,3.6649504786474467,103.007,41.0,82.0
1798004067.5,48.00533661853298,3.6649907575728697,103.068,44.0,82.0
1798004071.25,48.00533661853298,3.6650310364982928,103.122,47.0,82.0
1798004075.0,48.00533661853298,3.665071315423716,103.22,50.0,82.0
1798004078.75,48.00533661853298,3.6651115943491384,103.274,53.0,82.0
1798004082.5,48.00533661853298,3.6651518732745614,103.339,56.0,82.0
1798004086.25,48.00533661853298,3.6651921521999844,103.36,59.0,82.0
1798004090.0,48.00533661853298,3.6652324311254074,103.44,62.0,82.0
1798004093.75,48.00533661853298,3.6652727100508304,103.423,65.0,82.0
1798004097.5,48.00533661853298,3.665312988976253,103.455,68.0,82.0
1798004101.25,48.00533661853298,3.665353267901676,103.44,71.0,82.0
1798004105.0,48.00533661853298,3.665393546827099,103.501,74.0,82.0
1798004108.75,48.00533661853298,3.665433825752522,103.443,77.0,82.0
1798004112.5,48.00533661853298,3.665474104677945,103.487,80.0,82.0
1798004116.25,48.00533661853298,3.6655143836033677,103.383,83.0,82.0
1798004120.0,48.00533661853298,3.6655546625287907,103.385,86.0,82.0
1798004123.75,48.00533661853298,3.6655949414542137,103.378,89.0,82.0
1798004127.5,48.00533661853298,3.6656352203796367,103.342,92.0,82.0
1798004131.25,48.00533661853298,3.6656754993050598,103.263,95.0,82.0
1798004135.0,48.00533661853298,3.6657157782304823,103.212,98.0,82.0
1798004138.75,48.00533661853298,3.6657560571559054,103.105,101.0,82.0
1798004142.5,48.00533661853298,3.6657963360813284,103.056,104.0,82.0
1798004146.25,48.00533661853298,3.6658366150067514,102.959,107.0,82.0
1798004150.0,48.00533661853298,3.6658768939321744,102.933,110.0,82.0
1798004153.75,48.00533661853298,3.665917172857597,102.81,113.0,82.0
1798004157.5,48.00533661853298,3.66595745178302,102.737,116.0,82.0
1798004161.25,48.00533661853298,3.665997730708443,102.62,119.0,82.0
1798004165.0,48.00533661853298,3.666038009633866,102.575,122.0,82.0
1798004168.75,48.00533661853298,3.666078288559289,102.482,125.0,82.0
1798004172.5,48.00533661853298,3.6661185674847117,102.372,128.0,82.0
1798004176.25,48.00533661853298,3.6661588464101347,102.323,131.0,82.0
1798004180.0,48.00533661853298,3.6661991253355577,102.232,134.0,82.0
1798004183.75,48.00533661853298,3.6662394042609807,102.119,137.0,82.0
1798004187.5,48.00533661853298,3.6662796831864037,102.043,140.0,82.0
1798004191.25,48.00533661853298,3.6663199621118263,101.967,143.0,82.0
1798004195.0,48.00533661853298,3.6663602410372493,101.905,146.0,82.0
1798004198.75,48.00533661853298,3.6664005199626724,101.822,149.0,82.0
1798004202.5,48.00533661853298,3.6664407988880954,101.74,152.0,82.0
1798004206.25,48.00533661853298,3.6664810778135184,101.694,155.0,82.0
1798004210.0,48.00533661853298,3.666521356738941,101.639,158.0,82.0
1798004213.75,48.00533661853298,3.666561635664364,101.579,161.0,82.0
1798004217.5,48.00533661853298,3.666601914589787,101.479,164.0,82.0
1798004221.25,48.00533661853298,3.66664219351521,101.438,167.0,82.0
1798004225.0,48.00533661853298,3.666682472440633,101.42,170.0,82.0
1798004228.75,48.00533661853298,3.6667227513660556,101.392,173.0,82.0
1798004232.5,48.00533661853298,3.6667630302914787,101.388,176.0,82.0
1798004242.917,48.00541147813999,3.6667630302914787,101.254,176.0,90.333
1798004253.333,48.005486337747,3.6667630302914787,101.116,176.0,98.667
1798004263.75,48.00556119735401,3.6667630302914787,101.117,176.0,107.0
1798004267.5,48.00556119735401,3.6667227513660556,101.172,173.0,107.0
1798004271.25,48.00556119735401,3.666682472440633,101.138,170.0,107.0
1798004275.0,48.00556119735401,3.66664219351521,101.077,167.0,107.0
1798004278.75,48.00556119735401,3.666601914589787,101.134,164.0,107.0
1798004282.5,48.00556119735401,3.666561635664364,101.156,161.0,107.0
1798004286.25,48.00556119735401,3.666521356738941,101.187,158.0,107.0
1798004290.0,48.00556119735401,3.6664810778135184,101.156,155.0,107.0
1798004293.75,48.00556119735401,3.6664407988880954,101.201,152.0,107.0
1798004297.5,48.00556119735401,3.6664005199626724,101.237,149.0,107.0
1798004301.25,48.00556119735401,3.6663602410372493,101.224,146.0,107.0
1798004305.0,48.00556119735401,3.6663199621118263,101.265,143.0,107.0
1798004308.75,48.00556119735401,3.6662796831864037,101.328,140.0,107.0
1798004312.5,48.00556119735401,3.6662394042609807,101.283,137.0,107.0
1798004316.25,48.00556119735401,3.6661991253355577,101.373,134.0,107.0
1798004320.0,48.00556119735401,3.6661588464101347,101.41,131.0,107.0
1798004323.75,48.00556119735401,3.6661185674847117,101.384,128.0,107.0
1798004327.5,48.00556119735401,3.666078288559289,101.424,125.0,107.0
1798004331.25,48.00556119735401,3.666038009633866,101.448,122.0,107.0
1798004335.0,48.00556119735401,3.665997730708443,101.501,119.0,107.0
1798004338.75,48.00556119735401,3.66595745178302,101.507,116.0,107.0
1798004342.5,48.00556119735401,3.665917172857597,101.544,113.0,107.0
1798004346.25,48.00556119735401,3.6658768939321744,101.53,110.0,107.0
1798004350.0,48.00556119735401,3.6658366150067514,101.589,107.0,107.0
1798004353.75,48.00556119735401,3.6657963360813284,101.611,104.0,107.0
1798004357.5,48.00556119735401,3.6657560571559054,101.698,101.0,107.0
1798004361.25,48.00556119735401,3.6657157782304823,101.637,98.0,107.0
1798004365.0,48.00556119735401,3.6656754993050598,101.651,95.0,107.0
1798004368.75,48.00556119735401,3.6656352203796367,101.647,92.0,107.0
1798004372.5,48.00556119735401,3.6655949414542137,101.712,89.0,107.0
1798004376.25,48.00556119735401,3.6655546625287907,101.683,86.0,107.0
1798004380.0,48.00556119735401,3.6655143836033677,101.693,83.0,107.0
1798004383.75,48.00556119735401,3.665474104677945,101.728,80.0,107.0
1798004387.5,48.00556119735401,3.665433825752522,101.697,77.0,107.0
1798004391.25,48.00556119735401,3.665393546827099,101.756,74.0,107.0
1798004395.0,48.00556119735401,3.665353267901676,101.715,71.0,107.0
1798004398.75,48.00556119735401,3.665312988976253,101.645,68.0,107.0
1798004402.5,48.00556119735401,3.6652727100508304,101.6,65.0,107.0
1798004406.25,48.00556119735401,3.6652324311254074,101.65,62.0,107.0
1798004410.0,48.00556119735401,3.6651921521999844,101.628,59.0,107.0
1798004413.75,48.00556119735401,3.6651518732745614,101.583,56.0,107.0
1798004417.5,48.00556119735401,3.6651115943491384,101.563,53.0,107.0
1798004421.25,48.00556119735401,3.665071315423716,101.561,50.0,107.0
1798004425.0,48.00556119735401,3.6650310364982928,101.542,47.0,107.0
1798004428.75,48.00556119735401,3.6649907575728697,101.524,44.0,107.0
1798004432.5,48.00556119735401,3.6649504786474467,101.493,41.0,107.0
1798004436.25,48.00556119735401,3.6649101997220237,101.419,38.0,107.0
1798004440.0,48.00556119735401,3.664869920796601,101.393,35.0,107.0
1798004443.75,48.00556119735401,3.664829641871178,101.359,32.0,107.0
1798004447.5,48.00556119735401,3.664789362945755,101.264,29.0,107.0
1798004451.25,48.00556119735401,3.664749084020332,101.224,26.0,107.0
1798004455.0,48.00556119735401,3.664708805094909,101.206,23.0,107.0
1798004458.75,48.00556119735401,3.6646685261694865,101.106,20.0,107.0
1798004462.5,48.00556119735401,3.6646282472440634,101.115,17.0,107.0
1798004466.25,48.00556119735401,3.6645879683186404,101.073,14.0,107.0
1798004470.0,48.00556119735401,3.6645476893932174,101.023,11.0,107.0
1798004473.75,48.00556119735401,3.6645074104677944,100.97,8.0,107.0
1798004477.5,48.00556119735401,3.664467131542372,100.966,5.0,107.0
1798004481.25,48.00556119735401,3.664426852616949,100.885,2.0,107.0
1798004485.0,48.00556119735401,3.6643865736915258,100.901,-1.0,107.0
1798004488.75,48.00556119735401,3.6643462947661027,100.853,-4.0,107.0
1798004492.5,48.00556119735401,3.6643060158406797,100.811,-7.0,107.0
1798004496.25,48.00556119735401,3.664265736915257,100.765,-10.0,107.0
1798004500.0,48.00556119735401,3.664225457989834,100.749,-13.0,107.0
1798004503.75,48.00556119735401,3.664185179064411,100.719,-16.0,107.0
1798004507.5,48.00556119735401,3.664144900138988,100.739,-19.0,107.0
1798004511.25,48.00556119735401,3.664104621213565,100.636,-22.0,107.0
1798004515.0,48.00556119735401,3.6640643422881425,100.653,-25.0,107.0
1798004518.75,48.00556119735401,3.6640240633627195,100.615,-28.0,107.0
1798004522.5,48.00556119735401,3.6639837844372964,100.691,-31.0,107.0
1798004526.25,48.00556119735401,3.6639435055118734,100.619,-34.0,107.0
1798004530.0,48.00556119735401,3.6639032265864504,100.598,-37.0,107.0
1798004533.75,48.00556119735401,3.663862947661028,100.56,-40.0,107.0
1798004537.5,48.00556119735401,3.663822668735605,100.586,-43.0,107.0
1798004541.25,48.00556119735401,3.663782389810182,100.514,-46.0,107.0
1798004545.0,48.00556119735401,3.6637421108847588,100.565,-49.0,107.0
1798004548.75,48.00556119735401,3.6637018319593357,100.522,-52.0,107.0
1798004552.5,48.00556119735401,3.663661553033913,100.556,-55.0,107.0
1798004556.25,48.00556119735401,3.66362127410849,100.569,-58.0,107.0
1798004560.0,48.00556119735401,3.663580995183067,100.491,-61.0,107.0
1798004563.75,48.00556119735401,3.663540716257644,100.481,-64.0,107.0
1798004567.5,48.00556119735401,3.663500437332221,100.471,-67.0,107.0
1798004571.25,48.00556119735401,3.6634601584067985,100.438,-70.0,107.0
1798004575.0,48.00556119735401,3.6634198794813755,100.436,-73.0,107.0
1798004578.75,48.00556119735401,3.6633796005559525,100.458,-76.0,107.0
1798004582.5,48.00556119735401,3.6633393216305294,100.42,-79.0,107.0
1798004586.25,48.00556119735401,3.6632990427051064,100.382,-82.0,107.0
1798004590.0,48.00556119735401,3.663258763779684,100.381,-85.0,107.0
1798004593.75,48.00556119735401,3.663218484854261,100.331,-88.0,107.0
1798004597.5,48.00556119735401,3.663178205928838,100.358,-91.0,107.0
1798004601.25,48.00556119735401,3.663137927003415,100.278,-94.0,107.0
1798004605.0,48.00556119735401,3.6630976480779918,100.309,-97.0,107.0
1798004608.75,48.00556119735401,3.663057369152569,100.296,-100.0,107.0
1798004612.5,48.00556119735401,3.663017090227146,100.254,-103.0,107.0
1798004616.25,48.00556119735401,3.662976811301723,100.201,-106.0,107.0
1798004620.0,48.00556119735401,3.6629365323763,100.163,-109.0,107.0
1798004623.75,48.00556119735401,3.662896253450877,100.185,-112.0,107.0
1798004627.5,48.00556119735401,3.6628559745254545,100.163,-115.0,107.0
1798004631.25,48.00556119735401,3.6628156956000315,100.132,-118.0,107.0
1798004635.0,48.00556119735401,3.6627754166746085,100.088,-121.0,107.0
1798004638.75,48.00556119735401,3.6627351377491855,100.033,-124.0,107.0
1798004642.5,48.00556119735401,3.6626948588237624,100.061,-127.0,107.0
1798004646.25,48.00556119735401,3.66265457989834,100.026,-130.0,107.0
1798004650.0,48.00556119735401,3.662614300972917,99.962,-133.0,107.0
1798004653.75,48.00556119735401,3.662574022047494,99.972,-136.0,107.0
1798004657.5,48.00556119735401,3.662533743122071,99.899,-139.0,107.0
1798004661.25,48.00556119735401,3.662493464196648,99.877,-142.0,107.0
1798004665.0,48.00556119735401,3.662453185271225,99.834,-145.0,107.0
1798004668.75,48.00556119735401,3.662412906345802,99.84,-148.0,107.0
1798004672.5,48.00556119735401,3.662372627420379,99.812,-151.0,107.0
1798004676.25,48.00556119735401,3.662332348494956,99.751,-154.0,107.0
1798004680.0,48.00556119735401,3.662292069569533,99.718,-157.0,107.0
1798004683.75,48.00556119735401,3.6622517906441105,99.709,-160.0,107.0
1798004687.5,48.00556119735401,3.6622115117186875,99.704,-163.0,107.0
1798004691.25,48.00556119735401,3.6621712327932645,99.65,-166.0,107.0
1798004695.0,48.00556119735401,3.6621309538678415,99.618,-169.0,107.0
1798004698.75,48.00556119735401,3.6620906749424185,99.675,-172.0,107.0
1798004702.5,48.00556119735401,3.662050396016996,99.576,-175.0,107.0
1798004706.25,48.00556119735401,3.662010117091573,99.577,-178.0,107.0
